이름,우편번호,주소,주소상세,전화번호,이메일
신진우,55066,경상남도 남양주시 영동대길 지하663,채원송아파트 S동 868호,054-026-9569,subinjang@example.org
박영환,85883,서울특별시 서대문구 영동대18길 215 (지연윤리),서연김김타운 819호,042-132-8192,hongseonghun@example.net
김정숙,75585,경기도 포천시 서초중앙44길 611-71 (숙자송이리),민석이타운 L동 631호,070-1501-9230,cbag@example.org
한민재,79806,울산광역시 강남구 양재천길 지하604 (경자김김읍),성훈이연립,042-119-2053,mgim@example.org
최순자,45036,광주광역시 강동구 백제고분354길 지하856 (수빈류읍),하윤박타운 V동 929호,017-483-4365,gweonjunyeong@example.net
이지훈,44764,울산광역시 관악구 서초대6로 지하501,민수김김마을 U동 841호,053-503-5217,iseungmin@example.com
이정훈,07575,울산광역시 성동구 영동대604길 지하426,지현서마을 981호,051-680-5449,yeonggil30@example.com
노서윤,53853,인천광역시 광진구 석촌호수96거리 363 (민수김동),현정김빌라 J동 337호,031-794-8124,ccoe@example.com
김준영,22455,부산광역시 성동구 봉은사19가 지하786 (춘자박김읍),진호김윤타워 Z동 212호,042-299-2411,fi@example.com
이지혜,29713,충청북도 아산시 압구정거리 지하248,예원김이연립 564호,054-172-6840,yejun57@example.net
차동현,03251,대구광역시 금천구 압구정1길 402 (영희김김읍),채원안박타워 261호,061-363-0989,gimjieun@example.org
김성호,17819,광주광역시 관악구 서초중앙길 997 (정호김문읍),성진안한마을 Q동 770호,016-458-3368,wgim@example.net
배지민,93364,강원도 군포시 백제고분9거리 198,보람박빌라 573호,031-496-5033,ngim@example.org
박춘자,40445,울산광역시 관악구 언주491가 766-3,아름안이연립,064-708-7283,gusunja@example.org
이영식,50521,경상북도 고성군 오금53가 지하964,준서김이마을 마동 029호,041-821-5916,xgim@example.com
장지현,18691,충청북도 안산시 영동대길 241 (경숙양김동),성민박빌라 H동 728호,032-028-7085,seongjongsu@example.com
박도현,07333,충청남도 용인시 기흥구 선릉96가 267,혜진나강빌라 992호,064-754-3294,ieunju@example.org
권지훈,36993,세종특별자치시 북구 압구정3길 376-69,경수홍마을,02-9530-9371,qbag@example.com
이지현,59720,강원도 안산시 상록구 가락거리 지하823,지원권빌라 003호,061-108-0060,jeonghuncoe@example.net
이상철,80311,부산광역시 은평구 가락82가 422 (성수박읍),채원김연립 H동 454호,070-7584-1515,doyun06@example.com
전미숙,12611,경기도 이천시 압구정로 22-7,은정박권타워 G동 562호,019-079-2795,egim@example.com
이영일,88289,충청북도 시흥시 학동735로 449 (준호송읍),우진박민타운 Q동 210호,044-535-0792,yeonghyibag@example.org
권준영,51017,충청북도 남양주시 양재천480길 707-18 (영길김마을),영미송장빌라 S동 601호,051-640-0188,rbae@example.com
김정희,60424,전라북도 영동군 도산대36길 63-50,준서민타운,053-078-0932,minjaecoe@example.com
이준혁,93395,전라북도 양구군 압구정248길 174-38 (시우김면),정순최타워,064-770-1255,egim@example.com
고재호,34784,제주특별자치도 남양주시 언주로 556 (수빈이리),서연이손빌라 Y동 505호,010-3507-3580,hyeonjeonggim@example.org
강동현,56645,충청북도 성남시 분당구 봉은사가 375-49 (채원장김마을),지혜김아파트 344호,011-217-3455,hyeonsug00@example.com
이정훈,08725,대구광역시 성동구 삼성로 305 (하윤박손리),시우이박타워 369호,062-246-3476,jiu41@example.org
김서영,63297,전라남도 보은군 삼성28로 634-58 (우진백문리),영희김김빌라,061-606-2828,nosanghun@example.net
이성호,56785,충청북도 삼척시 논현로 387-94,정수김김연립,033-035-5476,seonghyeonryu@example.net
이예진,20413,제주특별자치도 용인시 기흥구 선릉가 138 (예원서동),진호이황마을 H동 291호,064-782-7082,jinho27@example.org
최영환,40170,강원도 부천시 삼성7길 266,영숙장김타운,044-407-6628,dsong@example.org
박지현,60137,경상남도 성남시 수정구 개포길 233 (은서김박읍),현정이장연립 라동 083호,052-897-5419,seohyeonbag@example.net
박성훈,21722,강원도 영월군 언주로 664 (민석김읍),중수최타운,041-710-3090,yeeuni@example.com
배지훈,33894,전라북도 음성군 개포길 995-14,상현이장연립,02-1569-6646,jeonghuni@example.org
김주원,29476,전라남도 옥천군 서초대로 422-84,현지이빌라 337호,011-435-2743,soncunja@example.com
이윤서,62911,부산광역시 성북구 오금길 349 (준영최김읍),옥순홍이연립,041-515-2301,ogjayu@example.org
황상호,99449,부산광역시 서대문구 양재천가 464,서영이연립 566호,051-949-2595,myeongsug59@example.com
한미경,45579,서울특별시 은평구 논현거리 189-89 (민재김면),건우최빌라 E동 983호,044-012-1495,minseo99@example.com
송도현,97877,경기도 금산군 가락거리 157-4 (승현박읍),종수나타운 Z동 693호,062-795-0206,psong@example.com
김민석,39313,서울특별시 서대문구 반포대거리 66-11 (옥자이동),수진이김타운,017-127-2199,gimjeongsig@example.com
안옥자,10526,경상북도 성남시 분당구 서초중앙748길 535 (민수김리),미숙이박타운,031-832-7284,eunjui@example.org
박지혜,51226,부산광역시 북구 잠실77로 174-31 (은지김류동),윤서김김마을 B동 458호,070-3295-4151,yeongho42@example.org
이은서,83829,광주광역시 동구 삼성길 801-65 (정수이리),상현최연립 C동 465호,055-735-8044,jinu13@example.org
서은지,87678,대구광역시 성동구 석촌호수1길 509-6 (수진서박동),정수김김연립 J동 615호,062-633-0020,kbag@example.com
정시우,03617,강원도 김포시 영동대43로 193-28 (영수김남리),은서김빌라 라동 486호,070-0382-5874,sangceol39@example.org
오현우,84531,충청남도 원주시 테헤란8가 759-68 (광수고김동),지민김연립,011-032-1276,gimjimin@example.org
김건우,16524,광주광역시 마포구 학동가 868-8 (서현김읍),정식최연립,063-737-1479,geonu38@example.com
김영숙,73806,부산광역시 영등포구 논현838거리 775-85,순옥김타워 O동 735호,018-985-5156,hongyeongsu@example.org
박순자,68255,전라북도 성남시 수정구 테헤란가 지하200 (지현이마을),상현한이타워 W동 736호,018-076-8868,mgim@example.com
김도윤,73528,전라북도 괴산군 도산대거리 528 (미영허노면),병철강타워,070-4892-1437,iminjun@example.net
유진우,08858,대구광역시 영등포구 서초중앙4로 482-59,윤서이타워 다동 595호,054-159-6976,sugjagim@example.net
박우진,56183,충청남도 평택시 학동3길 592-22,상호김타워 바동 800호,02-8652-3056,jeongho88@example.com
류현주,91626,대구광역시 서초구 봉은사거리 573 (서영김권읍),지후임마을 135호,017-594-1065,ksong@example.com
유중수,39384,인천광역시 북구 논현길 803-26 (상철최읍),지훈한연립 502호,052-802-3294,yuhaeun@example.net
이영진,33604,인천광역시 노원구 양재천길 264,영길이이타운,055-855-6747,jryu@example.com
박상호,75769,전라북도 연천군 도산대048거리 725 (수빈양리),은주이연립,033-105-8617,gweonjeongja@example.com
서영식,19700,인천광역시 서대문구 반포대402거리 341-89 (지은김마을),성훈김마을 367호,041-311-3620,gimjeonghyi@example.com
노지민,79760,울산광역시 마포구 백제고분73가 631,수빈이김연립 H동 955호,042-430-1065,xbag@example.org
최성훈,13141,경상북도 김포시 압구정9거리 851-50 (진우이마을),경희이타워 280호,018-328-2132,bagjunho@example.net
김민재,93145,강원도 군포시 가락27로 704,예원김박연립,019-594-8355,iju@example.org
차도윤,49049,경상북도 양평군 역삼길 667-81 (하윤이마을),주원권이아파트 B동 158호,011-766-2538,eungyeonggweon@example.com
권우진,20699,서울특별시 송파구 오금가 992 (경숙손동),종수김아파트 336호,043-705-9488,juweongim@example.org
김영미,76115,부산광역시 성북구 강남대로 534 (서현김주동),상훈류김타운 083호,044-565-3414,jieungim@example.net
배미영,22790,대전광역시 서초구 선릉거리 273 (영순김리),선영지김아파트 466호,042-718-9810,ego@example.net
홍민서,27459,강원도 부천시 원미구 잠실852가 370,윤서강심타워 J동 099호,041-114-2285,sangceol80@example.com
이준서,35721,서울특별시 용산구 백제고분2로 750 (순자이리),상호김황타워,051-916-4781,gimyeongho@example.org
정예원,33788,전라북도 평택시 잠실194가 475 (예은이면),서윤안아파트,016-771-5352,jeongsug40@example.org
이상훈,51388,경기도 예산군 영동대가 496 (현숙박강면),영환김김마을,019-773-1651,vjo@example.com
김현주,54795,광주광역시 금천구 백제고분가 536-77 (준혁김마을),유진황빌라 722호,051-531-6083,ujang@example.com
김민석,49353,제주특별자치도 인제군 반포대가 420 (미영이면),아름이임빌라,064-706-4859,yeongsunjang@example.com
홍숙자,24141,강원도 동해시 오금4가 887 (상훈장마을),윤서강강연립 마동 411호,017-136-1802,jsin@example.net
하도윤,65606,대전광역시 북구 잠실0길 지하65,영식장마을 마동 215호,010-5174-2761,myeongsugi@example.com
최서영,84813,울산광역시 동구 석촌호수거리 738-75 (정순김민면),진호지아파트 645호,062-581-0673,jongsugim@example.com
윤승현,96022,충청북도 안양시 만안구 논현거리 374,성호김연립,017-706-8544,ri@example.org
김수빈,83546,대전광역시 강북구 가락677가 173,하윤정민타운,018-972-3225,bagyeongil@example.com
최영진,09329,대구광역시 은평구 도산대163길 717-79 (유진김면),혜진김이아파트 324호,017-146-2486,gimjihye@example.net
최민수,30667,제주특별자치도 청양군 도산대로 986 (서윤김이읍),정숙이타운,017-176-9969,gbag@example.net
김종수,38399,경상북도 파주시 백제고분가 지하697 (은경김리),지영임빌라,043-528-6380,to@example.com
최현정,40501,경상남도 수원시 장안구 잠실가 858,민수송빌라,011-109-2362,sanghungim@example.com
이서연,20054,울산광역시 관악구 언주18거리 273-90,지아오이빌라,070-4559-5876,csong@example.com
김숙자,07614,인천광역시 금천구 서초중앙4로 456-20 (도현김김읍),성호이타운 V동 888호,011-715-1618,jeongsun29@example.net
박서영,39504,전라북도 양평군 테헤란로 268 (준혁이김동),영진박전연립 I동 780호,044-934-5417,qbag@example.com
김경자,75115,대구광역시 서초구 양재천8가 652,유진백이타워,061-894-3885,zyang@example.org
고지영,33519,세종특별자치시 동구 석촌호수21거리 630,현지이김타운 872호,010-5210-4216,gyeongsu28@example.com
박정웅,28077,부산광역시 양천구 논현가 338 (민석김읍),경희김김빌라 303호,055-266-7201,vi@example.org
노현지,16240,충청북도 가평군 영동대50가 지하452,영환정아파트 028호,011-602-2774,yeeun94@example.org
김상훈,64462,인천광역시 노원구 논현28로 113-5 (서윤박읍),준호김타운 797호,042-751-5088,yeonghyi00@example.net
김정희,70968,제주특별자치도 수원시 가락80거리 585,은영송아파트 624호,019-081-4257,gjin@example.com
김예원,63888,경상남도 용인시 수지구 오금로 905-88 (명숙이읍),은경이연립 M동 381호,033-860-5694,yunjeongho@example.com
남정호,88877,전라북도 연천군 서초중앙53길 430 (지혜이김읍),영미박빌라 가동 366호,051-328-9615,mijeong95@example.net
류성진,12121,전라북도 평창군 논현로 513-71 (채원박김면),선영최박타워 645호,064-773-4783,seoyeong70@example.net
허성민,47009,대전광역시 중랑구 논현5거리 552,동현차마을 714호,053-173-2953,isumin@example.net
김영수,69592,울산광역시 중랑구 봉은사121가 298-85 (정수김리),정훈김김타운 776호,044-641-7794,yeongiljin@example.org
안미숙,97920,세종특별자치시 동구 언주5거리 435,정식이송아파트 M동 682호,016-634-8175,hyeonjunbag@example.net
이수빈,91513,경상북도 남양주시 반포대459길 568 (경자이동),영순이김타워 바동 686호,033-683-6993,jihun44@example.com
박명숙,05071,대구광역시 동작구 선릉로 725 (서현박김읍),윤서임빌라 266호,070-8587-0265,cgim@example.net
고정순,57590,부산광역시 송파구 개포로 지하567,지현지오마을 R동 305호,032-556-9084,junho73@example.com
송영일,70768,인천광역시 서초구 논현로 440,정숙권아파트,043-800-1637,gimjaeho@example.net
최정식,52649,광주광역시 노원구 압구정4길 지하151,아름이이타운,054-548-5845,byeongceolgim@example.org
이수민,36104,충청북도 괴산군 테헤란38길 620,현준최빌라 696호,010-6559-1506,yeonghwangim@example.net
강아름,83667,인천광역시 동대문구 테헤란727거리 57-67,민준서이빌라 751호,010-9837-5975,eunjuhong@example.net
민아름,58758,경상북도 고양시 일산동구 서초중앙로 지하111,현정한성아파트 나동 881호,033-578-4478,seonyeongbag@example.net
김재호,54409,부산광역시 강북구 선릉960로 948-3,혜진김우타운,061-293-4366,iminseo@example.org
김정순,16134,인천광역시 동구 테헤란거리 987,진호박타운 K동 805호,011-446-3902,seocaeweon@example.net
권명자,97513,충청북도 동해시 서초중앙8로 939-60,서윤이장아파트 064호,053-772-1752,eo@example.org
전정남,80884,광주광역시 용산구 강남대798가 952 (승현하면),수민김연립 U동 829호,010-3370-8452,seojimin@example.org
정하은,87647,부산광역시 동구 선릉8가 318 (중수박박면),광수박타운 J동 077호,070-7604-4163,hanseojun@example.org
김영미,47440,인천광역시 서초구 도산대로 984-99,은영이빌라,033-578-8179,minseog13@example.com
김지후,26880,충청남도 금산군 강남대로 213-34,예준이윤타워 J동 281호,070-4575-0143,minji60@example.com
권정희,27889,세종특별자치시 종로구 압구정가 201 (지아김홍읍),예준윤이마을,02-7343-6976,si@example.net
김지현,52046,제주특별자치도 괴산군 삼성거리 747-9 (도윤심리),서준박윤타운 Q동 785호,017-119-8773,yeonghocoe@example.net
안현숙,81197,경상북도 가평군 압구정로 지하424,수진이김빌라 576호,031-563-4620,jingyeongsu@example.org
김영진,55013,경상남도 의왕시 영동대345길 지하959 (지민배남읍),은영박문마을,044-192-9663,yeongja85@example.org
이정식,41473,광주광역시 강남구 압구정5길 656-35,성호문타워 마동 334호,011-153-0796,jeongsunjang@example.net
장민수,28862,광주광역시 성동구 봉은사9길 783 (영식박오읍),민서이양아파트 971호,033-571-2028,egang@example.org
박성훈,53356,경상북도 용인시 처인구 가락가 989-23 (예지최마을),수민김김아파트,016-066-5168,yejihwang@example.com
김광수,41118,경기도 고양시 가락512거리 437-80,준호이연립 G동 188호,042-920-2914,geonu83@example.net
오수진,04611,울산광역시 성북구 선릉5가 57-39,승민김김타운,052-948-6645,gyeongjai@example.org
김진호,39027,인천광역시 양천구 언주99길 219-15 (숙자박마을),예원김타워 라동 173호,055-781-4067,jiyeon79@example.net
김광수,28895,서울특별시 은평구 백제고분6거리 지하590 (성민성읍),민지이박타워 L동 458호,043-955-1898,jimin76@example.org
최경숙,25842,강원도 보은군 도산대67거리 63 (병철김리),민수구연립 177호,063-543-2462,yeongsunhan@example.net
이영길,16245,서울특별시 도봉구 오금로 549-22 (혜진장읍),윤서손오마을 다동 584호,042-133-3426,ki@example.net
김정훈,16111,전라남도 부천시 원미구 반포대452가 326 (상훈김김읍),준서한이타운 402호,018-319-0338,gyeongsubag@example.org
성영식,63028,충청남도 홍천군 삼성로 494-85,지원김배타워 K동 757호,070-2506-8305,gwangsu76@example.org
나서현,98628,전라북도 천안시 서북구 강남대로 90,영식최타운 가동 280호,061-936-7570,jangyunseo@example.com
홍영자,52402,대구광역시 동구 강남대길 101 (순자엄리),도윤김정빌라,052-800-5066,jgweon@example.net
양정수,72963,경기도 청주시 상당구 양재천길 81,영진김빌라 S동 899호,052-669-5698,geonu90@example.org
차현지,14553,경상남도 수원시 강남대28거리 258,지민장김아파트 B동 169호,061-098-0844,hyeonji15@example.org
이재현,16635,세종특별자치시 광진구 잠실거리 지하891,순자이박타워 967호,017-612-1220,yeongsug21@example.com
김지우,15692,세종특별자치시 성북구 강남대길 22-9,현우노마을,011-340-7244,yeongilyun@example.com
이지아,00560,대전광역시 동작구 선릉89길 896,성훈김빌라 184호,042-862-7249,migyeongi@example.com
지도현,34918,부산광역시 성북구 테헤란7거리 823,경숙배아파트 바동 999호,061-139-6807,juweonhan@example.com
박준호,51711,경기도 성남시 강남대34가 981 (영철한면),은영이김연립 T동 328호,053-517-2606,yeonghyi07@example.org
김현정,81480,대구광역시 동작구 잠실59가 325-49,성훈김유마을 877호,053-119-2619,ygim@example.net
박진호,90750,충청남도 가평군 강남대921가 995-94 (은정김동),진호이박아파트 M동 961호,061-519-0557,jeonghyi11@example.org
이숙자,69366,광주광역시 성북구 압구정거리 459-55 (지영김이읍),승민고타워 Q동 379호,044-467-6396,gimmisug@example.com
우은정,54115,대전광역시 관악구 도산대가 469 (도윤장강동),승현이권마을 713호,061-362-7827,yejii@example.net
이아름,38256,충청남도 화성시 오금거리 986,영호강타워 894호,053-054-6372,ijieun@example.net
김경자,14792,대구광역시 중랑구 양재천2가 지하413,상철이이타워 416호,010-4927-4564,jeongho63@example.net
박예은,67182,대전광역시 강서구 봉은사길 641-34,현정이타운,044-980-7603,sunog70@example.com
권수민,72615,경기도 천안시 서북구 가락로 412-99 (민지김권읍),영수이연립 나동 190호,02-1716-8362,songyeongil@example.org
윤옥자,19992,대전광역시 서대문구 서초대길 351 (수빈김면),옥자박타운 166호,033-689-7368,iyeonghyi@example.com
박지현,32904,광주광역시 서초구 영동대22로 146-59 (서현이이리),수빈오빌라,042-872-9193,jeonghoi@example.org
이수진,89436,강원도 동해시 오금9가 343-54,수빈손박타운,053-441-5818,gwangsuha@example.org
강민지,67839,광주광역시 광진구 삼성가 882-1 (성호오읍),정식최서아파트 O동 798호,053-719-6762,yejincoe@example.com
강민석,50503,강원도 횡성군 반포대0로 911 (정희이리),건우윤이아파트,064-783-3136,iboram@example.net
박수빈,55573,경상남도 고양시 일산서구 강남대가 762 (현지김김면),정남진박아파트 603호,031-556-3987,seungmingim@example.com
김현우,26226,경기도 용인시 처인구 강남대196가 755-8 (은정이홍마을),아름이아파트,031-387-3081,sgim@example.org
손준혁,49546,광주광역시 중랑구 영동대거리 970-72,선영박김빌라,043-603-6998,yeonghoheo@example.com
장지아,52493,대전광역시 서대문구 양재천길 670-3 (영희류이마을),명자김아파트,055-926-1977,minjae62@example.net
김지현,58215,부산광역시 동작구 언주거리 207,준영박타운,032-811-4407,sbaeg@example.com
최서영,05001,충청북도 수원시 장안구 선릉로 590-13 (종수곽김마을),성훈배한타워 나동 853호,061-481-1378,hhong@example.com
김상호,72845,광주광역시 서구 강남대길 480-84 (순자이오읍),영자김빌라,042-094-9903,ogja62@example.com
류숙자,34721,서울특별시 동대문구 백제고분길 695-79,정훈김송타워,055-665-5455,yeongjinnam@example.org
주민준,36772,서울특별시 중구 봉은사202거리 756-18,민서박서아파트 130호,061-337-6149,yunminseog@example.com
서병철,26106,인천광역시 종로구 논현554가 638-21,상현강아파트 877호,032-002-1509,areumbag@example.net
이명숙,67364,충청남도 양주시 선릉길 지하287 (현준윤읍),민지최송타워 654호,031-605-6162,juweono@example.org
이지후,78547,대전광역시 구로구 학동거리 987,성훈황연립 L동 039호,054-894-8996,ban@example.com
박서윤,98322,광주광역시 종로구 반포대가 941 (지혜허동),건우노타운 750호,070-0813-5572,gimjeongsug@example.net
강예준,88448,세종특별자치시 중구 봉은사20거리 920 (정웅서읍),서윤김노아파트 756호,044-738-7745,caeweon41@example.org
김상현,77677,광주광역시 서대문구 백제고분7길 905-17 (예원박김면),예은배아파트 바동 319호,032-644-2049,subin62@example.com
홍명숙,53858,대전광역시 강서구 석촌호수63거리 304,정남양빌라,010-1780-0443,ggim@example.net
한채원,22922,충청북도 안산시 단원구 가락87길 745-62 (우진안김면),동현문마을 503호,052-177-1293,jihungim@example.net
김현준,28711,세종특별자치시 도봉구 학동1가 145-59,재호김김아파트 V동 997호,019-190-7547,seoyeongi@example.com
이서준,61854,세종특별자치시 마포구 서초대길 532 (영철양손읍),지우김이마을,070-5126-6997,ugim@example.com
이민지,13493,세종특별자치시 동대문구 역삼9로 370 (진우김장동),영숙문류타운 963호,042-171-4770,vgim@example.org
김도윤,73370,충청남도 보은군 서초중앙거리 203 (재호허마을),선영황강마을,043-916-0311,seonghun28@example.com
박지현,31931,강원도 오산시 논현281길 지하526 (승민강김면),종수이문마을 라동 933호,041-540-9985,jungsui@example.net
김승민,90824,강원도 원주시 강남대길 906,영식이이마을,055-006-1946,iyeongsun@example.com
남지연,71458,광주광역시 중구 삼성가 491-50,우진강김타운 230호,054-588-3767,gimseongho@example.net
이윤서,16373,부산광역시 성동구 학동길 176-24 (영진김동),성진고김타워,055-985-3894,minseosong@example.net
황현준,83120,전라남도 논산시 학동거리 418-57,지민김빌라 D동 399호,043-651-4174,yeonghwano@example.net
이경숙,39185,충청남도 수원시 권선구 오금길 434 (서준김면),예원최김연립 X동 643호,018-203-3349,coejiu@example.com
김미정,89962,세종특별자치시 구로구 학동로 907,아름김마을,044-304-2847,gwangsu48@example.org
황지후,91943,전라남도 부여군 양재천길 444-73,은지이빌라 177호,062-743-1475,hyeonjeong77@example.org
김순자,35983,광주광역시 강서구 논현가 980-57 (경희김마을),지훈장이아파트 011호,016-640-6910,seongjin05@example.org
김미영,45350,충청남도 부천시 소사구 테헤란거리 531,경숙구이마을 E동 216호,064-729-0951,jeongsig24@example.org
김정수,70183,인천광역시 서초구 압구정거리 186 (민석이배동),윤서안아파트 나동 076호,033-118-7584,jeongsu71@example.net
고지혜,36849,경상남도 청주시 상당구 삼성488길 9-94,영식김연립 X동 409호,070-4825-0691,jeongsunjo@example.net
최지영,58635,서울특별시 종로구 양재천로 66,승현박이타운,053-563-9188,eunji16@example.com
오지훈,64420,경상북도 평창군 강남대로 820-97 (보람이마을),은주권박타워 823호,033-622-0716,junho80@example.com
김유진,03485,울산광역시 구로구 테헤란길 106-34 (성호백이읍),수민윤한아파트 W동 985호,033-877-6673,bagyeonggil@example.com
김유진,85525,광주광역시 동대문구 논현거리 745-76 (지은박허면),영희권아파트,052-923-2874,jeongsig76@example.com
이성훈,43546,대구광역시 서구 석촌호수로 지하321 (종수김이마을),병철박빌라 998호,011-493-7925,pgim@example.org
박정웅,12703,서울특별시 남구 압구정265가 107,정식이김마을 J동 964호,042-397-4551,jinhogim@example.net
김채원,67183,부산광역시 노원구 역삼가 334,서준박연립 B동 474호,053-575-0234,byeongceolseo@example.org
이동현,12523,경기도 성남시 서초대로 54-56 (수민이이리),수민김최빌라 023호,053-101-0202,ai@example.com
양성진,11661,광주광역시 중구 역삼379거리 686 (경수이면),광수김홍연립 989동 078호,010-7336-5321,gimjihye@example.com
박숙자,14678,서울특별시 서구 학동831길 53 (순옥김마을),영식김김타운 909호,063-670-2757,bagmyeongja@example.com
장준호,50639,세종특별자치시 강동구 봉은사803거리 749 (준영이강동),성진이빌라 Y동 978호,018-305-8030,gimgyeongsu@example.org
박상철,83893,서울특별시 동작구 서초대7거리 지하196 (영식강김읍),중수오마을,02-3966-1079,vgim@example.com
박지원,32160,대구광역시 강북구 서초중앙로 856-84,현정윤김빌라 D동 341호,011-899-5533,jeonghuno@example.org
이준호,90380,충청남도 부천시 원미구 선릉가 716-63,재호박마을 219호,062-687-7411,junhogim@example.org
이서영,95852,인천광역시 마포구 양재천길 643-85 (은지강동),정웅이타워 H동 762호,053-347-8210,seonghyeonjang@example.org
김서현,86106,대구광역시 구로구 영동대1로 172-52 (지영박최읍),성수김김타워 V동 334호,018-004-5682,yunseo71@example.net
최옥자,88410,제주특별자치도 수원시 권선구 가락57길 907,미숙김김마을,054-272-5283,gimyeongho@example.com
김지영,18025,제주특별자치도 가평군 가락길 지하238 (서현김최마을),정훈남김연립 223호,062-840-1810,soneunyeong@example.com
고정훈,84320,울산광역시 종로구 역삼06길 30,준혁김아파트,010-8544-3388,pcoe@example.com
서현주,05087,울산광역시 북구 강남대28길 312 (영숙송리),옥순이아파트 493호,02-8826-3530,iseonghun@example.com
윤수민,65406,대전광역시 노원구 영동대00로 720-30 (영수이김동),정훈김오타운,061-499-7040,yeongsuni@example.com
홍영일,37365,대전광역시 양천구 선릉3가 619 (경희김마을),예지김타운 202호,063-772-9208,jia80@example.org
최경수,16749,광주광역시 동대문구 언주9가 623 (재호권마을),서윤이김빌라,017-241-7233,xsong@example.org
박승현,41402,경상남도 의정부시 영동대거리 539-88,영길민이연립 B동 910호,063-910-8336,jiyeongi@example.com
이승민,81431,인천광역시 광진구 서초중앙985로 215-5 (상현최주동),준혁안김아파트 841호,051-881-6311,seohyeonu@example.net
김정남,98489,충청북도 부천시 오금길 308-52,선영김윤타워 163호,033-537-5363,juweon53@example.net
박영숙,54394,인천광역시 북구 언주596로 511-6,영길이타워,042-893-6239,bagmyeongsug@example.org
김영수,70283,강원도 의정부시 선릉길 지하94 (동현송읍),정숙허서마을 599호,070-5217-0539,ijimin@example.com
김정순,21371,대구광역시 중구 양재천5가 570-44,영철김유빌라 F동 632호,055-657-5448,ogja13@example.org
권하은,97848,인천광역시 북구 영동대18로 685 (춘자이한읍),민준이타워 803호,016-064-7329,gimjeonghyi@example.com
김현우,96667,경기도 보은군 서초대575가 490 (도현송리),미영양이빌라 269호,061-690-1596,rgang@example.net
박현준,58223,경기도 안성시 봉은사46로 426 (성진이황리),서영장빌라 V동 829호,031-270-8875,bagseunghyeon@example.com
김준호,09401,경기도 부여군 언주5길 560 (민지성고리),민서박양빌라,042-927-2727,yungwangsu@example.net
백영미,21255,경기도 의정부시 언주거리 208-50,현주박이마을 Q동 724호,055-303-8807,yeongho74@example.com
최상철,42598,대전광역시 서대문구 석촌호수길 642,혜진최조타워,016-913-4126,jangjia@example.net
박건우,90419,서울특별시 광진구 학동길 83-27,예원이최연립 474호,044-435-3617,xgwag@example.com
김영길,61272,전라남도 금산군 잠실638길 85,승민홍우연립,017-417-7500,hyeonjeonggim@example.com
심지은,03845,경상남도 평택시 개포거리 368,경숙이빌라,016-995-3230,oson@example.com
황서준,30533,대전광역시 성북구 압구정가 28-85 (정훈엄마을),준혁윤박아파트 P동 708호,070-2786-5003,qjeong@example.net
황순자,35822,서울특별시 마포구 논현로 996 (지우손읍),영숙박김마을,054-304-8767,munjiyeong@example.net
박정순,13847,충청남도 수원시 팔달구 서초대41거리 11 (지훈이김동),지원최연립 W동 869호,063-342-6532,gwangsugweon@example.net
장선영,90684,경기도 용인시 개포721거리 568-1,주원김아파트,061-765-6222,hyejingim@example.net
김종수,27019,경기도 홍성군 서초중앙6가 970-28 (영호최읍),정순조김연립 D동 626호,031-114-2687,minsu38@example.org
한명숙,44609,경상북도 청주시 상당구 석촌호수78가 820-7 (민준김리),경수이손빌라 227호,070-9359-7462,jaehogim@example.org
남유진,20179,경상북도 예산군 학동398로 793-16 (서준김최마을),정수성빌라 G동 854호,041-026-4213,doyun89@example.com
김선영,87782,충청남도 청주시 청원구 강남대로 304 (현정이김면),경자최아파트 409호,062-610-9555,yeweoni@example.com
진영일,76752,강원도 광명시 역삼로 지하638,영미이손빌라 H동 768호,053-304-4319,agim@example.com
황민서,61516,광주광역시 동작구 양재천가 지하545 (순옥안송리),준혁김빌라,018-254-9409,tcoe@example.com
이도현,44855,충청북도 예산군 삼성238길 454 (윤서최김면),재현김마을 T동 553호,062-767-9106,coeogja@example.net
남영희,57753,인천광역시 광진구 서초대로 487 (은경이이읍),미경송조마을,033-812-6182,coehaeun@example.net
이옥자,57364,인천광역시 구로구 서초중앙길 102-37,상훈강타운 G동 777호,032-427-0404,ngang@example.com
안성진,07780,광주광역시 성동구 학동1거리 지하865 (성훈김동),정남이타운 라동 251호,042-962-2875,ngim@example.org
심채원,12418,울산광역시 성북구 학동3로 650,현주김허빌라,042-752-9805,coemiyeong@example.com
박현준,58050,서울특별시 관악구 오금가 227,서준김김타워 C동 381호,033-582-7395,ijunho@example.org
김은정,62053,전라남도 속초시 잠실24로 422-98 (경숙손이리),영호김정빌라,042-816-0657,hyeonjungim@example.net
손영환,42135,충청남도 삼척시 가락35로 343-21 (옥순박김면),영식엄마을 592호,018-937-5921,doyunryu@example.net
김성민,93277,부산광역시 광진구 서초대9길 17 (정숙조박읍),옥자오타워 171호,02-5206-6750,xgim@example.com
류상훈,75143,세종특별자치시 중랑구 언주거리 836-27,보람박박연립,062-979-3104,zgim@example.org
윤경희,93129,제주특별자치도 천안시 서북구 백제고분거리 124-11,영호곽최마을 마동 077호,070-5135-6240,ggim@example.com
장동현,86533,부산광역시 송파구 테헤란로 418 (정순김김면),지후권연립,054-675-6720,subin30@example.com
최정호,20652,제주특별자치도 군포시 잠실길 15-56,정남서빌라,010-7304-9410,sunjagim@example.net
최서연,31078,충청남도 금산군 영동대가 234-37,예준조이빌라 854호,042-350-9384,jiweon30@example.com
이예준,12791,서울특별시 성동구 서초대22길 630-74,보람박타운 E동 359호,043-466-6410,yejio@example.com
김영미,28319,인천광역시 중랑구 개포거리 195-43,지원안박타워,070-6662-7727,hayun10@example.org
김정훈,25714,제주특별자치도 시흥시 서초대8길 155-37,예지김장아파트,055-710-6903,imun@example.com
허영호,53814,경상남도 남양주시 논현1로 129 (진우강리),현우서빌라 758호,051-268-2712,imjunyeong@example.com
강예원,66769,강원도 양양군 잠실66길 607 (시우오마을),예준남빌라,063-712-0057,juweon90@example.net
장민지,32284,경기도 원주시 압구정2로 2,지민이마을 B동 394호,061-950-3702,jeongja72@example.org
김서연,71618,경기도 부천시 오정구 언주가 831-18 (정순이마을),춘자류빌라 Z동 198호,070-2433-1305,zsong@example.org
김채원,99822,충청북도 고양시 일산동구 영동대54길 323 (지민김읍),도윤김노타워 O동 829호,051-828-9708,zbag@example.com
권하은,25490,전라남도 영월군 도산대거리 59-45 (서영김한동),정숙김한연립 804호,054-001-2403,seongmin85@example.com
김재호,27005,충청남도 고양시 개포가 347,정식강윤타운,032-533-0910,oseoyun@example.org
이성호,21710,전라북도 용인시 처인구 테헤란6길 686 (지민권김동),영일박빌라 992호,043-641-9419,yunbyeongceol@example.com
윤영일,49265,제주특별자치도 천안시 서북구 역삼1로 280-50,서준이이빌라,031-087-2228,isujin@example.org
우윤서,82105,충청북도 오산시 개포길 798-35 (지혜이마을),민석양남마을 122호,055-459-9614,gwangsugim@example.org
서현준,33171,대전광역시 중구 석촌호수로 349-4,영자윤타운 나동 444호,061-819-1161,seongjinbag@example.net
김성진,93732,서울특별시 종로구 잠실966길 667-91,영철배빌라 89동 091호,042-277-1672,hyeonjun83@example.org
엄현지,03298,부산광역시 북구 서초대63길 630,재호권빌라 K동 751호,017-455-7938,jeongung52@example.net
김재현,40802,울산광역시 중구 테헤란326거리 38,영자손마을 F동 386호,053-001-1408,sanghyeoni@example.com
김중수,22934,충청남도 천안시 서북구 강남대로 129-49,성진이박빌라 다동 947호,044-772-1619,sugja08@example.com
오아름,80919,세종특별자치시 서초구 삼성2길 745 (수민김리),서준권타워 615호,044-027-3866,songsubin@example.com
임정희,73599,경상북도 홍성군 테헤란594길 614 (재현이리),정웅이이아파트 903호,055-108-0691,gyeongsuseong@example.net
김윤서,01600,충청북도 용인시 테헤란760가 지하58,지연이심타워,042-344-1915,gimjeongsug@example.net
박서영,85879,충청남도 태백시 서초중앙00로 209-84 (지아박읍),재호안박빌라 W동 248호,016-809-4265,jinho47@example.com
윤예원,95510,광주광역시 중랑구 삼성5로 925-31,주원송김아파트,044-695-1711,zha@example.net
장수빈,03565,광주광역시 서대문구 석촌호수839거리 555,진호김서타워 C동 895호,017-873-7845,baggyeongja@example.org
이미경,89423,경기도 청주시 상당구 서초대318로 762-44,영식이아파트,017-660-7404,caeweon80@example.net
문은서,13876,울산광역시 서대문구 언주가 지하606,준혁장김타워 S동 155호,044-918-8810,miyeongo@example.org
이성호,59403,부산광역시 서대문구 서초중앙609거리 64-70,미경김마을,017-886-7624,sanghyeongim@example.org
김혜진,16963,전라북도 안성시 역삼0로 779-69,준영류이마을 534호,016-374-7102,xi@example.com
손성호,41289,세종특별자치시 금천구 봉은사1거리 194-66,영희김이아파트 690호,053-573-4564,hyeonjigim@example.org
이은영,29648,부산광역시 서대문구 개포767거리 451,명숙남아파트 U동 407호,051-938-2597,baggyeongja@example.net
김상훈,64619,경기도 금산군 언주길 지하696 (영길박최마을),명숙양이빌라 M동 841호,042-650-4804,minjun30@example.com
김정호,91756,제주특별자치도 안산시 단원구 가락로 9 (광수문안면),민재이타운 P동 252호,055-112-8545,minjigim@example.net
김유진,11747,울산광역시 남구 개포가 628,서준한류마을 744호,053-802-0736,baegogsun@example.org
서지훈,84485,세종특별자치시 동대문구 봉은사거리 626,준호송강타워,053-761-4753,seongmin49@example.net
장중수,95004,세종특별자치시 송파구 논현62길 417 (영진이면),민수김강타워 다동 835호,064-757-7071,mijeong78@example.net
김성진,84911,경상남도 홍성군 논현355가 897 (성현이손면),성진박박연립 J동 679호,011-434-4787,ean@example.com
김은영,71377,울산광역시 은평구 가락914가 122,은주손연립,010-4750-9701,obae@example.net
이건우,91159,서울특별시 동구 영동대로 513,은정김타운 519호,051-958-7995,ayang@example.com
이하은,58220,인천광역시 성북구 잠실가 지하209,민서문마을 바동 394호,031-198-8407,hyeonjui@example.com
오예진,09613,서울특별시 서초구 도산대가 609-22 (현지노읍),정남김한타워 W동 637호,033-847-2283,ijieun@example.org
이서준,66840,세종특별자치시 동작구 학동515거리 813,예지김최마을 061호,044-672-7370,sugjaju@example.net
이윤서,80529,전라북도 화천군 백제고분21거리 374-94 (채원강리),준호이장타운,02-2976-3775,jeongnamjo@example.org
문윤서,00054,충청북도 양구군 논현71길 860-46 (주원민읍),춘자오이타운 C동 024호,063-633-9685,seoyeong83@example.org
박미영,91607,광주광역시 동구 석촌호수길 160 (성진최리),민석김마을 V동 659호,044-290-4823,hyeonjuim@example.org
신미영,42784,인천광역시 동구 테헤란로 825-19,성현김타운 O동 780호,061-166-2233,seohyeonan@example.com
이정웅,25805,부산광역시 종로구 선릉2가 지하510 (진우이면),은지차타운 가동 730호,041-856-6506,cunja16@example.org
김순자,26823,전라북도 수원시 영통구 선릉2거리 517-45,영일이김마을 W동 289호,032-743-0940,jiweonbag@example.org
박영철,60229,전라남도 양구군 서초대로 320-98,서현오김아파트 866호,042-990-4046,gojiu@example.com
이영미,39323,전라남도 부천시 테헤란79길 717-90 (동현최리),영철구박타워,062-426-7710,jiweongim@example.org
이서영,83283,인천광역시 서구 양재천5거리 675-25,지아이서연립 E동 813호,017-615-7584,bagyeongsun@example.org
김지혜,78203,전라남도 천안시 동남구 반포대529가 403-11 (예준남권리),옥자김김타운 L동 574호,052-756-1249,gyeongsugim@example.com
고경수,31017,경기도 청양군 가락로 435 (진호김마을),우진김이타워 410호,018-674-8064,minjae62@example.org
김정남,78213,광주광역시 남구 역삼길 623,지은최빌라 331호,063-673-5993,wbag@example.com
이지연,69093,충청남도 수원시 팔달구 잠실거리 515-75,영길이이타운 865호,033-190-3539,baegyeonggil@example.net
강상현,72199,전라북도 청주시 흥덕구 학동877거리 291-79 (현지문읍),민석홍이타운 453호,055-695-6309,jiweon51@example.net
송성진,73247,전라남도 광명시 백제고분2길 647 (민석이면),은경이연립 N동 075호,063-517-5324,seonghun26@example.org
최현숙,72175,부산광역시 영등포구 삼성56길 659 (정숙유박면),동현김이타운 094호,044-520-6166,gwagyeongsug@example.net
정영희,36697,대구광역시 송파구 압구정가 132,승민전연립 R동 305호,044-957-9563,minseo67@example.net
이지영,72827,제주특별자치도 정선군 오금2로 350,지훈서김아파트 E동 546호,051-412-0946,sangceoli@example.com
김예원,90729,강원도 진천군 서초중앙71거리 752-24 (민서김문면),성현이빌라 514호,052-919-4696,minseog69@example.net
백경숙,67435,인천광역시 동작구 서초중앙528거리 143-68,지영강타운,042-853-4596,ecoe@example.net
문민서,06107,충청남도 성남시 백제고분126거리 626-73,정호이아파트,070-4669-1640,gojeongnam@example.net
홍민준,15334,강원도 의왕시 개포거리 689 (혜진김박면),지혜이타운 D동 317호,055-287-1632,joyejin@example.net
박정호,84978,전라북도 보은군 가락가 238-32 (순옥이리),정식김이빌라 814호,033-442-7097,ugim@example.net
강민석,81952,세종특별자치시 노원구 오금637길 81-17 (승민이읍),경자박하타워 P동 339호,055-340-4959,donghyeon33@example.net
배영일,06041,인천광역시 서대문구 논현427로 649-37 (준혁박이리),혜진박김마을 Z동 922호,019-349-6835,jeongja53@example.net
손정호,35856,대구광역시 관악구 강남대길 556,하윤박마을,054-232-1977,zgim@example.org
황민서,94713,세종특별자치시 광진구 양재천6길 지하427,현지진박아파트 Y동 507호,063-544-6386,baegyujin@example.net
김영식,23166,인천광역시 강남구 양재천91길 423,지훈이마을 라동 446호,063-125-6841,seoyeonggim@example.net
김춘자,78674,경상북도 양주시 선릉534가 92 (재현이읍),현우문강연립 830호,041-203-6058,tgim@example.org
강은영,57419,대전광역시 강서구 영동대5로 617,옥자양타운 722호,043-896-4472,jeonghojo@example.com
김지은,05526,울산광역시 종로구 백제고분690길 359-97,성수김류빌라,052-123-0141,hbag@example.org
한숙자,98502,경기도 과천시 양재천거리 892,숙자박타워 464호,011-074-9566,si@example.net
김지혜,54813,세종특별자치시 서구 언주16로 125,정웅김타운 J동 854호,051-446-6583,caeweongim@example.org
윤건우,09171,전라남도 동해시 오금5가 565,진우구빌라 542호,018-629-0612,sgim@example.org
윤지민,13270,제주특별자치도 평택시 잠실가 254-13,영희문이빌라,054-186-9246,heoseongho@example.org
김혜진,18022,강원도 용인시 수지구 삼성길 817 (정호조면),성민서김타운 409호,051-493-8031,myeongjai@example.org
이지민,85499,울산광역시 영등포구 학동0길 407,준영김이연립 054호,063-837-2870,yejigim@example.com
김진우,85831,세종특별자치시 강동구 학동로 664-58,하은김김타운 E동 195호,064-731-4980,xgim@example.org
이병철,42209,경기도 원주시 논현가 747,영환안마을 268호,070-4924-7709,vgim@example.org
차재호,89346,광주광역시 용산구 논현로 600,경숙김연립,063-035-0046,jeonghojang@example.com
김지우,55678,경기도 성남시 분당구 도산대거리 80-69,명자김윤마을 258호,061-004-0887,gimgyeonghyi@example.org
윤준혁,61121,경기도 태안군 석촌호수149가 759-59,서준서마을 600호,051-814-3540,yunseo92@example.org
이지영,35877,대전광역시 종로구 오금로 지하624,예진박구타워 097호,063-429-7166,osangceol@example.net
이정식,60377,울산광역시 남구 잠실거리 684,정호허빌라 626호,02-5471-8361,nbag@example.com
강수진,34994,광주광역시 동작구 압구정4길 782,현주이마을 Q동 093호,033-013-8174,gimmyeongja@example.net
문영길,04304,제주특별자치도 수원시 영통구 개포98거리 123 (옥자한마을),옥순허김타워,010-9657-5232,gangyeongsu@example.org
박지후,40634,경상남도 양양군 삼성가 지하601 (경수김이면),지우최타워,017-580-9895,li@example.com
김영일,82153,광주광역시 중구 봉은사길 615,미숙허타워,051-829-2020,misuggim@example.com
우영순,18871,울산광역시 용산구 역삼거리 204 (유진김전마을),은주류이타워,070-5909-5607,junhyeogi@example.com
최채원,52972,경상북도 진천군 가락길 117-76 (서윤곽동),상철강연립 871호,017-562-3937,sugja91@example.com
박지영,26093,대구광역시 동작구 오금0로 757-26 (동현이마을),영수강타운,043-011-6090,subingim@example.org
최정순,78380,전라북도 양평군 강남대가 834,윤서김송빌라,055-255-7690,mcoe@example.com
김진호,48800,강원도 증평군 서초대2로 380 (진우박면),성호박이빌라 574호,032-993-3568,joseungmin@example.com
김예진,86430,대구광역시 노원구 반포대가 257-75,상현이빌라 Q동 292호,016-062-9927,imbyeongceol@example.net
이지민,01915,전라북도 광명시 논현5로 668-45 (진우이윤면),진호이빌라 933동 039호,052-180-4967,jungsubag@example.org
이예준,72295,제주특별자치도 성남시 분당구 압구정5길 227 (재호최이리),현지이연립 454호,031-593-6501,fhan@example.com
이영희,79556,경기도 제천시 잠실길 242,준호고타운 924호,010-7544-3818,juyeonggil@example.net
김정호,17909,경기도 서천군 서초중앙1거리 637-47 (상철최리),윤서김타운,041-189-6406,fgim@example.com
한지아,64945,대구광역시 도봉구 선릉969가 113-47,미숙김아파트,061-633-8998,honghaeun@example.net
이예은,85100,울산광역시 강남구 영동대로 889-39 (예진장이읍),정식박이아파트 가동 604호,041-611-7272,sanghun03@example.org
황지원,51793,대구광역시 동대문구 도산대174로 지하956 (정호박면),준영김빌라 869호,02-3515-4341,junhocoe@example.org
박경수,31482,전라북도 춘천시 개포07로 지하481 (재호전마을),동현오장아파트 476호,055-246-6551,mcoe@example.net
한상훈,69609,경상남도 청양군 개포102로 778,성호박송마을 946호,032-215-7173,myeongja90@example.net
한서연,70980,울산광역시 강남구 역삼길 622 (지우박곽읍),순자이이마을 013호,02-3918-9551,jihyena@example.net
윤지우,56223,세종특별자치시 서대문구 잠실로 530 (은경이동),준호이빌라 다동 394호,031-547-7314,baegsanghyeon@example.com
김현지,84577,제주특별자치도 청주시 서원구 서초중앙가 791,미영김타워 T동 029호,011-533-0635,minsubaeg@example.net
김영순,17691,광주광역시 강서구 백제고분거리 43 (춘자장면),현정송홍빌라 477호,019-851-1872,yeonggil49@example.net
배옥자,02572,세종특별자치시 종로구 압구정길 943 (영희양장동),선영장이연립,019-564-6304,jaeho59@example.com
박수진,69687,대구광역시 관악구 가락길 지하280,민준김이빌라,011-038-5979,yunjeongsug@example.net
김영환,22089,인천광역시 송파구 영동대5거리 184-32 (승현김동),정웅장강빌라 다동 673호,043-322-6334,yeonggil94@example.org
이미영,14765,세종특별자치시 동구 삼성로 239 (순자김김리),춘자박이연립 가동 726호,061-372-6758,seongjin36@example.org
김영자,50987,울산광역시 강남구 역삼길 392-23 (현정박읍),하윤박이빌라,052-513-8154,yeongiljeong@example.net
이영숙,06634,전라북도 제천시 영동대로 356,영수정김타워 마동 664호,02-6114-4020,jeongung66@example.net
이진우,87884,충청남도 화천군 봉은사가 지하473 (순옥김동),수빈김타운 P동 299호,041-970-6659,eunji43@example.com
장지연,03895,충청북도 단양군 개포3로 455-72,서준장타워,019-582-3312,eunseo03@example.org
김정순,12186,전라남도 서산시 오금길 794 (진우김동),성진허홍마을,063-540-4002,ugweon@example.org
박하은,00879,세종특별자치시 성북구 서초중앙71로 276-42,지은성연립 140호,042-789-2969,doyunbag@example.org
손현준,12815,부산광역시 도봉구 양재천길 769-66,지원김연립,011-768-5555,ygwag@example.net
지준호,45090,대전광역시 구로구 도산대가 838 (중수박읍),건우이박아파트 B동 140호,063-209-1269,minjaebag@example.net
류숙자,65313,충청남도 홍성군 선릉가 401-54 (수빈이한리),지민이김마을 X동 802호,016-144-4245,yeongsig48@example.com
백상호,78763,세종특별자치시 동구 양재천길 594-3 (정남김동),지우이타워,032-377-1674,eungyeongjo@example.org
김영진,84357,광주광역시 중구 백제고분길 863,지혜김아파트,062-283-1688,yeongjin89@example.org
오승민,07904,대구광역시 성동구 양재천로 474 (혜진엄오마을),채원이김아파트 321호,061-308-6416,ogim@example.net
전정순,58758,부산광역시 동작구 강남대길 179 (준영서최읍),예은박아파트 Y동 847호,011-891-8782,myeongsug73@example.com
양현숙,31147,제주특별자치도 동해시 서초중앙509로 지하747 (정호오장리),서현김빌라 192호,018-675-2448,gimseonghun@example.org
강종수,54837,제주특별자치도 금산군 삼성거리 261-70 (지영최김면),예준최한타운 라동 994호,033-942-7995,yujin66@example.org
장지아,73384,충청남도 고양시 백제고분0가 514-47,수진우타운 가동 981호,041-489-9972,au@example.org
김서현,89810,대구광역시 관악구 학동로 지하999,은서양이아파트,054-112-8952,jaehyeongang@example.net
장영수,65824,강원도 광명시 봉은사거리 754 (준서이서읍),승현김강타운 652호,019-732-2204,misug89@example.net
이경숙,32187,강원도 안양시 동안구 백제고분33거리 지하730,채원고윤빌라 마동 680호,053-507-3240,iyunseo@example.com
이서윤,08010,대구광역시 서대문구 논현가 805 (영일김마을),지영김박마을,061-661-1188,jihyenam@example.com
이성훈,85021,대전광역시 중구 언주로 12-11 (명숙류동),영수이마을 O동 515호,042-586-3351,hyeonjun40@example.net
강순옥,17415,대전광역시 영등포구 압구정로 955,승민김김연립 835호,017-666-1476,iseungmin@example.net
서은정,10847,제주특별자치도 고양시 일산서구 영동대988거리 99-47 (채원홍마을),은경최타워,043-713-4699,seojun88@example.net
이지훈,36094,세종특별자치시 구로구 강남대6가 612-92,승민백연립,033-598-6563,gimyeonggil@example.com
송미영,82065,충청북도 삼척시 잠실07거리 264-70,현숙민민타운 N동 029호,011-481-0080,jeonghyi66@example.org
김현주,24234,경상남도 용인시 논현5로 430-40 (영수안장읍),종수이마을 385호,053-992-7678,gimeunyeong@example.org
이동현,43490,울산광역시 동대문구 백제고분길 41-91 (영희박마을),건우류홍아파트,062-380-0407,phwang@example.org
김영일,49233,세종특별자치시 서초구 가락938가 84-42 (은주김권마을),명자나타운 737호,042-543-7142,eunji17@example.net
김성민,14429,제주특별자치도 아산시 압구정로 336,준호김이마을 D동 461호,017-191-1891,miyeong63@example.com
김수민,25469,울산광역시 노원구 석촌호수7가 388-82 (미숙이마을),선영박백연립,042-466-3177,lbag@example.com
유정훈,00895,충청남도 고성군 삼성85길 532-18,지현장마을 326호,063-919-3706,coeminjun@example.net
김영숙,56765,대구광역시 구로구 언주로 지하869,하은황한타운 424호,055-814-9622,sujin08@example.com
이승현,07808,인천광역시 금천구 석촌호수길 지하24,은영최이아파트,061-462-9778,seungminhong@example.com
노시우,92873,제주특별자치도 용인시 기흥구 선릉548로 831-89,아름차아파트,070-6757-8330,myang@example.com
박지훈,35911,전라남도 부천시 오정구 백제고분3길 307-95,현정김김마을 981호,010-4887-6229,jgim@example.org
김중수,65608,전라남도 음성군 봉은사가 지하840 (재호황리),예지윤김아파트,02-1578-5156,heojia@example.org
김서윤,76082,경상북도 태백시 봉은사61길 지하70,정남고조마을 다동 120호,064-771-3713,fhan@example.net
류승민,13228,경기도 시흥시 언주1가 674 (영식나진리),지현한홍타워,041-823-9096,migyeong63@example.net
강현우,79813,대구광역시 광진구 언주89거리 12,정남권타워 056호,062-623-5431,hyeonsug08@example.net
김지후,84704,대전광역시 중구 언주0가 지하995 (정순정리),중수배박타워,018-930-0917,ryueunseo@example.org
이종수,97085,서울특별시 성동구 압구정8가 지하997 (명숙김오마을),지아이김아파트 382호,019-473-1863,bagogsun@example.com
김민지,04883,충청북도 홍성군 테헤란로 485-40 (지영백리),예지백박아파트,061-753-5310,xan@example.org
김상현,03014,제주특별자치도 홍천군 논현41로 830,예원박빌라 100호,063-932-7972,suminan@example.org
이은주,50146,서울특별시 용산구 강남대460길 지하816 (정남류리),성현이타운 835호,010-1790-6309,igim@example.net
김숙자,52582,서울특별시 강동구 테헤란가 316-47 (은정구배동),승현최연립,016-539-3821,gimsangceol@example.com
이상철,42592,울산광역시 강남구 논현104길 282-71 (건우문김면),상현황이타운 814호,051-784-1942,ryuminsu@example.net
김서현,06602,인천광역시 서대문구 봉은사거리 243 (미숙신동),수민박마을,051-535-1870,sanghungim@example.net
박경수,65312,서울특별시 남구 역삼293로 144-45,현우최차빌라 U동 212호,032-302-6668,jeongsiggim@example.net
최영식,34374,서울특별시 광진구 도산대로 682-15,민지박김타워 97동 932호,055-137-0165,gimjeongnam@example.com
이정웅,05858,부산광역시 은평구 가락로 874 (진호김마을),채원서김아파트 64동 786호,011-847-2717,pgweon@example.org
박성수,37666,전라남도 괴산군 학동길 220 (옥순김최읍),수빈김박타워 J동 385호,017-469-5468,ygim@example.net
양선영,22590,대구광역시 송파구 개포1길 809-71 (경수박동),옥순박마을,011-851-9973,hayunbag@example.org
윤영철,52358,경상남도 연천군 역삼96거리 422-18 (정웅김마을),재현서타운 306호,018-972-0703,yeonghwangim@example.net
고은영,79406,세종특별자치시 광진구 서초대거리 618-71 (옥순박홍면),상현남이아파트 737호,031-702-5771,fi@example.net
조상훈,64615,전라남도 평창군 개포33로 993-8,수빈이권연립 가동 968호,031-052-0907,iyeongja@example.com
민미숙,76810,대전광역시 성북구 봉은사가 154 (유진박백면),옥순최윤타워,011-336-8728,kseong@example.org
박종수,96585,대전광역시 금천구 역삼0거리 893-67,서윤윤아파트,052-761-4606,junyeong31@example.net
김정수,61013,부산광역시 도봉구 선릉205거리 409-7,광수최윤타운,051-258-4139,sangceolbag@example.net
양진우,54501,광주광역시 서초구 양재천5로 507-98,예지이빌라 Z동 216호,064-774-5522,sujin97@example.org
김광수,72025,전라남도 부천시 원미구 서초중앙395길 265,예원박타운,011-502-3616,qbag@example.com
권영미,06423,부산광역시 은평구 반포대길 519 (수진손읍),은서김타워 892호,064-744-8252,ncoe@example.net
이현우,59888,강원도 서산시 언주2거리 160-14 (준영손면),민지이타워,017-984-1892,gimjaehyeon@example.net
서정희,45395,대구광역시 성북구 압구정가 367 (춘자윤김면),아름이빌라 X동 470호,032-771-2964,hwangjeongsig@example.org
김준서,36397,대구광역시 중구 서초중앙61거리 746-47,지아구아파트,017-962-9430,seongminseog@example.com
이경숙,94734,서울특별시 은평구 선릉길 158,준혁배마을,053-528-0345,gyeongsucoe@example.net
류지후,25069,경상남도 시흥시 언주528가 823,예지백마을 301호,063-435-1738,jiminyun@example.com
이명자,42222,전라북도 부여군 오금거리 지하791 (동현나김마을),재현김타워,064-798-1151,jeongsug64@example.org
서중수,66693,부산광역시 동대문구 봉은사0가 581,은영이연립 900호,032-442-8086,boramno@example.org
박서현,02055,세종특별자치시 동작구 테헤란거리 859-34 (정훈박박면),성현문마을 V동 085호,019-145-5864,qgang@example.org
김준서,74360,대구광역시 서초구 논현길 지하778,정자김빌라 705호,052-128-4273,iyejun@example.net
서영진,82404,광주광역시 은평구 역삼거리 485 (지혜김리),주원김김빌라 591호,011-557-0297,lan@example.org
서경자,63827,충청남도 과천시 영동대1길 338-7 (민재강면),정자김이아파트 Y동 646호,053-955-4129,jaehyeon86@example.org
이주원,45360,서울특별시 강동구 백제고분길 334 (영자김동),승민송마을,018-726-9444,minjun84@example.org
김지혜,36833,경상북도 단양군 서초대로 216,옥순민이빌라,063-683-7406,yeongsubag@example.org
이영일,76100,울산광역시 중구 언주46로 362-88 (준호류이리),서윤곽아파트 D동 809호,019-528-6819,sunogjang@example.net
최영일,72616,전라남도 청주시 청원구 잠실738거리 993 (지은허박면),영진최김아파트,017-279-4964,jeongja71@example.org
윤병철,67044,경상남도 성남시 수정구 테헤란4가 374 (혜진장동),지훈황김빌라 642호,070-4668-0313,ugim@example.net
오영철,48782,제주특별자치도 화천군 언주48거리 860-41,영철박황마을,011-718-1382,jhan@example.net
심민서,21647,울산광역시 북구 강남대8길 610-78 (영식김리),보람오김타워,010-0165-4902,areum07@example.com
김현준,44542,충청북도 영동군 서초중앙가 303-46 (승현김동),경희박타워 072호,031-122-5735,zcoe@example.org
이정웅,47099,부산광역시 강남구 선릉6가 지하994,영길박마을 P동 583호,041-189-0073,hyeonjuneom@example.net
박준호,88456,서울특별시 성동구 선릉87길 225 (건우김박면),도현김김빌라,018-154-8763,zjo@example.net
박서윤,19785,경기도 평창군 역삼거리 214,명숙이윤마을 325호,063-776-9774,ugim@example.org
최영희,46355,전라북도 연천군 학동로 807 (영식김신마을),정웅손이타워,017-834-8068,kson@example.net
박영순,10915,부산광역시 금천구 삼성가 지하99,하윤김강아파트 V동 376호,017-586-1876,iyejin@example.net
김은정,06973,대구광역시 동구 봉은사992가 128-6 (영순김이읍),민지권신연립 F동 402호,041-647-7961,misug68@example.net
박주원,53816,충청북도 단양군 백제고분로 203,은경윤이빌라 P동 055호,063-428-5637,gimsangho@example.net
김주원,03670,경상북도 광명시 오금가 380-32 (하은윤리),광수권최아파트,018-090-7023,seunghyeonjeon@example.org
김순자,51007,전라북도 춘천시 반포대거리 186-35 (도윤김읍),경수박타운 S동 098호,016-056-4317,yeongceolyun@example.com
안정자,09035,울산광역시 양천구 역삼길 438-76,지원구타운,042-520-6209,gsong@example.org
최상현,75866,제주특별자치도 김포시 서초대42로 981,지혜김홍타운,055-577-0496,gyeongsu87@example.com
류준영,01728,제주특별자치도 수원시 영통구 도산대60길 208-63,영숙김성마을 마동 291호,051-676-5538,imiyeong@example.org
오진우,69781,울산광역시 강남구 삼성거리 968,아름엄김연립 480호,055-280-8269,xgim@example.org
이윤서,19161,대전광역시 강서구 가락2길 733,미경박마을 332호,064-799-5658,jieun38@example.org
이승민,20442,대구광역시 도봉구 논현길 677-15,경희장이타운 E동 766호,031-783-1304,xgweon@example.org
강준서,63292,인천광역시 관악구 역삼가 441-44,민서이타운 674호,044-325-2055,yeongsubag@example.net
박하은,10279,부산광역시 성북구 도산대34가 131 (성수이한읍),명자김김마을 A동 733호,064-787-3249,seoyeonyun@example.net
송현준,31573,대전광역시 동작구 삼성가 729 (재호김하리),영순김연립,051-465-6133,minsu33@example.com
안수민,97968,제주특별자치도 파주시 봉은사길 464-95 (동현이읍),지우박타운 T동 610호,061-350-3593,yejingim@example.org
이성호,20140,전라북도 증평군 개포길 지하12 (은주양리),숙자김연립,010-3991-6599,ihayun@example.com
박윤서,49974,충청남도 영월군 석촌호수4로 191-84 (정자진동),상철김연립 612호,02-9666-2298,iminji@example.com
이경자,40382,강원도 증평군 가락길 57,수진이연립 423호,032-168-1934,gimseoyun@example.net
이미정,77671,전라북도 보령시 논현가 509-76,현정이타워 S동 194호,011-178-0071,bi@example.com
안춘자,56191,충청남도 인제군 개포8거리 37 (영순임김마을),상철김타워 604호,017-282-3734,jihyei@example.com
권성현,17609,경기도 서산시 도산대0가 139-27,경숙진박빌라 Y동 040호,017-378-4841,tjang@example.net
최아름,67799,경상남도 여주시 서초중앙가 지하898,주원안강마을,033-928-0045,ran@example.net
이명숙,45524,전라남도 옥천군 봉은사112가 384-78,지우오빌라 S동 443호,053-040-1174,jinu94@example.com
임준영,89847,경기도 양평군 언주2로 713 (성민서안동),예원이타운 200호,018-588-4319,gimjeongnam@example.net
박옥자,95398,충청북도 수원시 권선구 서초중앙가 174 (성호유마을),민서김타워,062-887-9579,ijeongung@example.net
김정웅,54928,부산광역시 남구 강남대거리 969-16 (상훈박박동),정수최타워 N동 051호,061-905-9138,sanghungweon@example.com
권보람,34862,강원도 홍천군 양재천24길 423-26,순자진마을 059호,016-936-2671,icunja@example.org
김정호,45628,광주광역시 노원구 역삼5로 120,정웅허안타운 L동 719호,031-599-6157,jeonghun70@example.org
김준혁,25116,광주광역시 노원구 테헤란길 지하384 (중수진읍),정순김김타워 Z동 972호,041-995-5858,sanghuneom@example.org
박중수,66081,울산광역시 성북구 봉은사거리 53-22 (은정김이리),혜진이박빌라,033-415-6227,munminjae@example.com
오영환,99478,전라남도 청주시 흥덕구 논현131길 655-4,옥자김남아파트,064-733-9749,yeongjin70@example.org
오경수,41146,전라남도 증평군 선릉02길 470-3,채원이노타워 K동 530호,017-595-0983,isujin@example.org
남진우,12241,부산광역시 광진구 서초중앙09길 161,상훈김연립,02-3606-4880,yunseohwang@example.net
이민준,68910,인천광역시 관악구 영동대066길 612 (옥자최최마을),영길박타운 593호,02-6776-0932,mijeong63@example.net
류정순,82840,인천광역시 관악구 가락길 260-19,시우백타운 184호,054-760-1110,nson@example.net
박영순,99617,경기도 횡성군 석촌호수로 지하408 (경희송마을),윤서김빌라 M동 349호,031-702-0319,mingyeongsu@example.com
양아름,91158,대전광역시 금천구 언주76로 지하576 (은정이장리),영환한김빌라 910호,041-850-4501,gyeongsubag@example.net
김주원,82540,대전광역시 강북구 가락0거리 778-7,정호최연립 166호,052-727-1346,yeongho24@example.com
이서현,12718,대전광역시 강서구 오금39길 460-91 (수진김김읍),성진김이연립,051-039-8230,lgim@example.com
한서윤,88156,세종특별자치시 양천구 압구정677거리 지하301,지후김최타운 Y동 413호,033-906-0955,yeongsig69@example.org
김도현,00316,울산광역시 성동구 잠실길 970,영자한김마을 Q동 822호,02-1982-5944,jieuni@example.com
김재호,91394,전라남도 고양시 덕양구 영동대72길 69 (민지윤박면),예은최마을 L동 321호,041-004-7573,gimboram@example.com
김민수,53106,대전광역시 종로구 가락6거리 762-64,예준김빌라 D동 047호,011-366-6723,jinho08@example.org
김영희,13469,세종특별자치시 강서구 학동830가 121 (지연노마을),지영손김타워 마동 965호,031-169-2657,bseo@example.org
김재현,41861,강원도 금산군 영동대가 지하24,예지이아파트,02-9097-2646,dgim@example.net
김은서,75180,경상남도 청주시 상당구 영동대76가 610-99,명숙임마을 767호,033-017-7775,areumu@example.net
장민서,81787,경상북도 화천군 양재천길 80 (정훈박리),민지이타운 893호,017-566-4150,seongjin58@example.net
박건우,00615,강원도 태백시 오금로 695-32 (아름김신면),경수황빌라 K동 827호,02-9876-1657,simyeongho@example.net
이지아,34214,전라남도 삼척시 봉은사6가 435-93 (성진이박면),정숙남김빌라,064-767-6311,yeongil78@example.net
김성진,34487,경상남도 금산군 삼성가 444 (상철진리),지은최이타운 D동 264호,061-059-6843,bagbyeongceol@example.com
홍지후,07214,광주광역시 서구 삼성길 112-88,종수김박타워 나동 228호,031-206-2577,hyeonjun92@example.org
김주원,73301,서울특별시 강남구 역삼길 437 (현지김최면),예진김이타운 M동 409호,064-732-5593,yunseunghyeon@example.org
류정자,07997,서울특별시 서구 학동로 903 (수빈박동),현주이타워 812호,010-2641-7181,minsugim@example.org
박예은,95782,대전광역시 강서구 논현거리 354,진호이마을 M동 368호,032-678-7315,gcoe@example.org
이준혁,72017,강원도 논산시 강남대거리 365-60 (광수김권읍),상철오황아파트 바동 124호,041-212-0157,bagdoyun@example.net
윤영길,66845,대구광역시 서대문구 가락63로 304,도윤한빌라 312호,017-395-4247,eunjigim@example.net
강하은,29838,서울특별시 송파구 가락길 461-17 (영일정이마을),광수김타워,017-351-5991,seunghyeonbag@example.org
정병철,07709,경기도 의왕시 오금3가 975-95,영자이이타워,044-317-4941,yeongmihan@example.com
김경희,40191,경상남도 보령시 테헤란거리 812,예은김빌라 926호,043-090-7941,coejeonghyi@example.com
김서현,05424,부산광역시 용산구 오금거리 530-29 (혜진김동),서윤김마을,044-126-8834,hseo@example.org
이보람,96480,세종특별자치시 강북구 석촌호수77가 281 (은정이김면),채원이박연립,019-538-8119,gji@example.org
이서준,93047,울산광역시 중랑구 봉은사09거리 지하814 (시우김윤면),유진강한타워,062-168-7831,seongho85@example.net
김예진,59462,인천광역시 성동구 서초대거리 308,정자배김빌라 나동 188호,061-635-5988,jiyeon79@example.com
이민석,79944,경기도 군포시 오금5가 594-90,준영홍홍빌라 067호,054-734-7256,bagdoyun@example.net
김도윤,19784,전라북도 의정부시 역삼가 614-73 (미숙이이면),도윤이마을 492호,061-804-8961,dgim@example.org
김춘자,20988,강원도 부천시 서초중앙거리 830-43 (영길김최동),은영이권아파트,041-458-6240,ryuseoyun@example.net
김유진,33723,인천광역시 도봉구 개포6길 459-43,정희이이타운,032-265-7434,gyeongsumin@example.net
김현준,86314,제주특별자치도 예산군 언주가 107 (아름허읍),미경이남아파트 A동 019호,052-027-8372,rmun@example.com
김경희,37927,충청북도 홍성군 서초중앙628길 지하714 (상호한마을),미영김김빌라 885호,063-067-7331,gyeonghyi56@example.org
박민서,17762,충청남도 수원시 권선구 선릉로 445 (상철김박면),병철홍김연립 O동 039호,018-721-8869,bi@example.org
심정훈,61171,대구광역시 강북구 반포대303거리 734 (옥순이박마을),상철이연립 169호,063-854-9453,iminji@example.com
정민지,79138,광주광역시 구로구 개포06가 94-88 (수빈노리),숙자이타운 I동 356호,043-788-6859,gwangsu32@example.com
강준혁,54266,경상남도 동해시 영동대420가 208,채원박마을 P동 155호,052-159-1055,coesubin@example.com
김정훈,02416,대구광역시 마포구 테헤란32거리 487-36,경자노김빌라 543호,019-523-6157,qgim@example.com
최현숙,56047,전라남도 김포시 역삼길 408,동현장마을 U동 425호,064-703-7026,ei@example.net
한정웅,93997,경기도 오산시 석촌호수92로 520-97,영희박빌라 413호,043-147-5647,ujingim@example.net
김지현,58006,울산광역시 양천구 삼성1가 198 (준영이리),도윤최문연립,064-713-9623,jia96@example.net
강민지,83323,경상북도 수원시 권선구 석촌호수157거리 64 (민수이마을),재호김이타워 996호,019-251-6191,seoyunyang@example.net
장춘자,46680,경상남도 김포시 언주길 602-84,성수허문타운,032-175-2564,rbag@example.org
권하윤,70138,충청남도 화성시 석촌호수거리 444 (영환김마을),지원최허빌라 K동 711호,064-774-1585,hongjiweon@example.net
엄명자,36855,서울특별시 구로구 압구정길 4 (은영김강리),영미박김아파트 V동 975호,061-669-0982,yejin18@example.net
김정수,71815,충청남도 안양시 봉은사5가 727,종수허박타운,043-977-4966,jiminnam@example.com
홍우진,81215,경상북도 구리시 언주68가 347,건우백아파트 K동 245호,070-7448-5507,miyeong11@example.net
강서연,41361,세종특별자치시 동대문구 언주길 971-65,민재정한마을,054-126-1925,seoyungim@example.com
우수진,56391,울산광역시 노원구 도산대779로 427 (정순강동),광수허조마을,033-778-2111,iyeongsug@example.net
안현준,12586,대구광역시 강남구 역삼312거리 913-35 (성호김이리),건우김마을 가동 997호,033-879-2694,hyeonjui@example.net
이미경,28687,대전광역시 동작구 가락거리 176-58,숙자김타운 Q동 683호,031-630-0497,ai@example.org
하영호,80150,광주광역시 금천구 잠실길 493,건우최연립 531호,054-379-5187,andoyun@example.org
고영숙,78028,경기도 속초시 도산대가 157,준호이아파트,062-674-8700,jeongsiggim@example.org
곽진우,18970,세종특별자치시 구로구 테헤란가 706-69,도현김타워,02-8799-5101,donghyeonjang@example.org
박예진,24096,대전광역시 동작구 테헤란로 635-10,은영이박타워,053-090-3072,eunseo28@example.org
김성훈,68957,부산광역시 북구 영동대929길 735-24 (영철박이동),하은김빌라 480호,02-0986-1260,nyu@example.org
김영호,60653,전라북도 양주시 석촌호수64가 506-7 (성현황마을),지우오타워 J동 428호,051-799-4708,yejinbae@example.com
이건우,82621,경상북도 청주시 상당구 서초대길 798-60,현정이타워,041-669-5180,seonyeongi@example.com
이은서,91540,대구광역시 송파구 논현로 367,지혜김우타운 958호,010-7550-8882,yeongsunson@example.com
김민수,21735,강원도 군포시 선릉거리 380 (현숙이이리),예진홍타워 378호,043-343-2401,jeongnamgim@example.org
지정수,85649,제주특별자치도 제천시 논현로 55-30,영자류빌라 A동 995호,041-134-7202,gimseonyeong@example.net
박서연,70881,충청북도 원주시 석촌호수8길 133-19 (지혜김한읍),정숙박아파트 H동 572호,052-522-4407,eunjeong45@example.org
진영길,91474,전라북도 속초시 개포거리 227-33,영일김타운,02-7049-4090,jo@example.org
김예지,86992,경상남도 오산시 개포4로 462-38 (정순박읍),미숙김이마을 059호,019-735-6122,sujin75@example.com
이지우,29151,강원도 광명시 역삼13로 지하798,수민박빌라 715호,055-663-9777,myeongsug00@example.org
이선영,63375,울산광역시 강북구 테헤란110거리 681-12,영식김아파트 130호,02-7099-2075,jihuncoe@example.org
김진호,34481,충청남도 안산시 단원구 오금67가 23,순자김연립 350호,052-551-3765,jeongnamo@example.org
황승민,00411,서울특별시 서초구 서초대길 지하564 (윤서김면),현지남빌라 659동 857호,053-903-5150,iminsu@example.net
김영환,10971,경상남도 수원시 백제고분09로 299-69,예준김마을 203호,043-329-3950,wi@example.org
서영호,15278,경기도 천안시 동남구 반포대길 지하637 (상철전김읍),옥자윤김타운 라동 361호,010-5705-1698,coejeongsun@example.org
김선영,99545,세종특별자치시 동작구 봉은사09길 399 (현숙김읍),은영황마을 G동 291호,064-739-9201,bagsunja@example.com
김예은,02911,경기도 부천시 원미구 언주8길 지하175,정숙이김타운,055-795-9645,seongjingang@example.net
이지은,80650,경상북도 서산시 압구정40가 338,영미박장마을,032-786-5726,minseo24@example.org
서미경,70146,충청남도 고양시 일산동구 서초대607길 708 (민지송마을),우진김타운 G동 596호,019-909-9084,yuhaeun@example.com
김미경,40844,경상남도 화천군 영동대가 849-23 (동현김면),춘자김이아파트,042-202-3107,jeongjaheo@example.org
엄성수,29394,경상북도 고성군 봉은사78길 513 (지훈김최리),보람심타운 664호,016-397-9416,hyeonjun55@example.net
서상호,79555,대구광역시 동구 영동대99가 50 (영길이서동),성현오최마을 248호,053-253-0497,yeongsug59@example.net
고윤서,19584,제주특별자치도 안산시 단원구 압구정967길 30 (승민박면),지훈이권타운 F동 852호,064-709-6336,sugjayang@example.com
이미영,97465,서울특별시 마포구 강남대가 지하78,옥순류연립 다동 426호,041-502-9981,igim@example.org
박은서,06457,전라북도 용인시 도산대거리 869,영진김타워 834호,032-546-1284,minseogi@example.net
김서현,85052,서울특별시 은평구 논현9가 910 (미영김김리),채원최타워,051-425-5802,gyeongsug82@example.com
김영길,89118,충청북도 논산시 학동484로 지하231 (미경김마을),건우최구타운,062-509-3765,siugim@example.net
장은정,02947,대전광역시 동작구 봉은사가 850-24 (현준박백읍),명숙최노빌라 147호,032-012-4048,seojungim@example.org
최수빈,65203,충청북도 금산군 개포가 224-58,정남송이타운,051-327-4900,ryuhyeonjun@example.com
이지연,65749,경기도 부천시 압구정로 601,유진최타워,052-738-2332,jihu54@example.com
황상호,47060,전라남도 양양군 테헤란로 767-86,승민하장타운,053-698-9761,lbag@example.com
김주원,41347,인천광역시 서초구 봉은사382로 591-70 (옥자박동),유진한배타운,041-646-7781,gyeongjabag@example.net
박민수,29057,경상북도 포천시 역삼22가 174 (영수백면),보람한이아파트 262호,016-415-8522,yujingim@example.org
김수진,75651,대전광역시 광진구 도산대52가 46-99,숙자김타운 704호,011-944-4412,pgim@example.com
류정숙,45427,경상북도 태백시 백제고분2로 지하286,하은이연립 856동 805호,052-755-7426,jeongnamgim@example.org
박지아,37245,제주특별자치도 청주시 청원구 가락141가 지하763,순자하마을 Q동 959호,055-898-1122,eunjii@example.net
김서준,44571,세종특별자치시 동구 삼성743로 241-85,미정최연립,032-566-6016,yujinhwang@example.org
최은지,15580,인천광역시 강남구 오금914길 4 (수빈심김동),은경한이빌라 292호,017-787-8545,jeonghyii@example.net
박은서,73929,대구광역시 북구 테헤란548길 610,지연이김연립 426호,051-203-1945,yujin92@example.net
김도윤,10195,전라북도 용인시 기흥구 개포거리 806-56 (채원윤읍),선영김아파트 191호,033-583-6577,ganggyeongsug@example.com
장재호,41640,충청북도 고양시 일산동구 잠실2거리 463-22,경자이타워,019-718-5214,yeongceol15@example.net
한중수,05736,경상북도 음성군 서초대가 지하742,영호배타운 O동 867호,044-841-5406,qna@example.org
박정남,97784,인천광역시 북구 테헤란거리 226-73 (예지우김동),미정서타워 293호,018-899-3391,hyeonsug70@example.com
박서준,32345,경상북도 공주시 잠실가 248 (경숙류손면),옥자박마을 L동 855호,062-931-9199,jeongjabag@example.com
이영환,87355,울산광역시 용산구 언주34로 424,서윤양타워,044-239-5746,doyungim@example.org
김지우,47070,울산광역시 강동구 영동대537가 지하787 (예진이읍),숙자양타워 H동 661호,041-884-2184,yeonggili@example.net
나성훈,29488,전라남도 안양시 만안구 백제고분19로 265,수빈이김아파트 690호,031-213-7934,fsim@example.net
김상호,67050,제주특별자치도 진천군 서초대로 503 (우진허양읍),성진최타운 184호,061-079-1337,jiu32@example.org
이정수,93470,대구광역시 영등포구 역삼0길 852,수진박박마을,054-057-4754,yeongho15@example.org
엄수빈,83323,부산광역시 강남구 가락458로 436-80 (은정황읍),준서이장타운 V동 405호,042-790-4580,yunyeongsu@example.org
김상훈,49829,부산광역시 서초구 가락3길 641,민서윤이타워 가동 055호,010-3401-5781,bhwang@example.org
이선영,69351,경상남도 청주시 청원구 논현435가 22-69,명숙이타워 V동 194호,052-700-5303,hayunno@example.org
이하윤,45004,부산광역시 중랑구 서초중앙거리 326,영길김마을,063-150-3232,egim@example.net
김영숙,33446,대구광역시 광진구 봉은사45가 지하368 (영수박김동),성수고타운 598호,033-509-1652,eunjeong17@example.org
김은영,62513,서울특별시 용산구 선릉192로 992-57,명자이강타운 다동 244호,055-173-7245,ijaehyeon@example.org
이옥순,33945,충청남도 청주시 청원구 서초대길 52-63 (성호김이동),정수성아파트 725호,055-409-1042,sunogi@example.org
김정호,66951,대구광역시 은평구 석촌호수로 442-12,윤서이마을 라동 331호,062-230-6733,gweonjeongnam@example.org
송옥자,69261,서울특별시 강동구 언주319거리 132 (경자장리),성현박연립 638호,070-7142-9092,ujeon@example.com
김진우,24133,경기도 아산시 석촌호수로 682,경희이빌라 라동 651호,053-736-9692,eungyeongbag@example.net
김정남,98913,울산광역시 양천구 서초중앙길 지하998 (영순문읍),순옥김빌라 353호,041-333-1472,eunseo25@example.net
박상훈,63859,서울특별시 성북구 테헤란가 809 (영수민마을),예지고타워 10동 699호,070-7735-4926,ujang@example.org
한상호,59519,인천광역시 중구 반포대26거리 301,상호양박마을 457호,053-935-5307,seongjin43@example.org
손성호,08035,인천광역시 도봉구 오금거리 870 (지은최리),성진이김타운,062-996-1918,jangsanghun@example.net
이현주,42162,대전광역시 영등포구 양재천96로 948-14 (지연김면),준호김장타운 G동 917호,010-0444-8896,yeongmibag@example.com
최영순,91615,충청남도 성남시 수정구 역삼197가 244 (민준박구리),은지이마을 780호,011-443-1298,boram63@example.org
김현주,83736,충청남도 안산시 단원구 압구정373로 505-33,영환이마을 D동 138호,062-787-3747,seojuncoe@example.net
권서영,91654,서울특별시 노원구 선릉605길 901-20,영일류마을,017-442-0011,yeongsiggim@example.net
이정남,08654,울산광역시 노원구 오금길 지하50 (영환송면),중수류연립 X동 523호,010-7426-6849,yeongsig23@example.com
허건우,11571,제주특별자치도 성남시 서초대8로 259,정수이백타워 683호,02-1132-8961,yejibag@example.org
문민재,08956,대구광역시 노원구 테헤란길 806,상호오빌라 M동 019호,018-890-7058,gimyeonghwan@example.com
이현우,37268,전라북도 동두천시 잠실가 지하515,현준이김빌라 951호,018-009-2631,ui@example.org
이정희,98604,대구광역시 성북구 반포대길 282,예은이마을,063-499-4857,jinhoryu@example.com
권준서,76420,서울특별시 영등포구 역삼273가 610-22 (예지박박리),서윤이서마을,043-597-6557,sgim@example.org
고지민,63569,충청북도 진천군 개포0로 754-35,정희김타워 H동 971호,016-348-7813,eunjeonggim@example.net
윤숙자,85317,대구광역시 금천구 압구정65로 407-36 (정순황박리),민서구박연립 013호,054-581-4200,eunjeong55@example.com
홍영일,82507,서울특별시 은평구 선릉82가 354,경숙김황타워 322호,043-593-6619,jihungwag@example.org
김영자,74145,경기도 용인시 논현거리 64-13,예은이배빌라 422호,053-138-7808,eunjeong01@example.net
윤민지,66385,광주광역시 구로구 강남대가 406 (순자김배면),정숙박안아파트 K동 810호,043-379-9275,osanghun@example.com
이현준,23139,강원도 용인시 양재천8로 383-77 (영진권김동),영희김타워,051-112-3796,yeongjagim@example.net
홍시우,56428,경상북도 평택시 봉은사2가 지하537 (준혁강오리),광수김마을 가동 698호,033-747-5685,jeongja53@example.net
최상현,08549,경상북도 정선군 봉은사길 865-28 (예준박이마을),보람김타워 075호,064-710-7050,seojun74@example.org
송정수,89723,인천광역시 광진구 역삼로 517,채원김김타워 499호,042-424-2983,hanseongsu@example.com
김정자,07459,제주특별자치도 부천시 원미구 가락575길 857 (주원김마을),민서전조마을 134호,032-697-6234,sangceolryu@example.net
이수빈,39443,광주광역시 성동구 테헤란거리 449,성진김연립 728호,010-2154-6538,googsun@example.net
배성수,18601,광주광역시 용산구 반포대70로 568 (상훈김이마을),수민최마을 O동 417호,017-995-6250,ji@example.org
송현우,95183,충청남도 천안시 동남구 석촌호수84가 지하894,은정이김빌라 N동 292호,011-059-8355,dbag@example.net
윤예준,20231,강원도 청주시 상당구 도산대길 281,민재이아파트 662호,011-995-4250,jeonghyi32@example.net
전현우,24529,경상북도 안산시 상록구 가락길 460-89,정수오최연립 081호,064-738-0266,haeuni@example.net
이성훈,03496,충청북도 청주시 상당구 테헤란거리 115-8,시우김김마을 S동 991호,011-051-2310,junho09@example.net
남지우,09925,울산광역시 동대문구 역삼가 871-2 (영진김면),지연윤김빌라 039호,017-640-6960,agim@example.com
권지영,88240,전라북도 성남시 수정구 오금309가 333 (윤서안문마을),건우김정타운 352호,052-219-2382,boram65@example.com
진정웅,63774,전라북도 천안시 서북구 양재천로 46 (준서최김리),예지송서타워 V동 009호,070-4419-7805,eunju72@example.com
이정순,62130,대구광역시 구로구 언주90길 498 (유진이홍동),민재진타워 478호,011-906-1262,eungyeong87@example.net
김종수,97129,인천광역시 영등포구 개포8가 지하471 (정자김리),도현박이타워,070-2828-1692,deom@example.net
오민재,55229,광주광역시 관악구 선릉길 787,성호김마을 I동 050호,016-676-1360,sgim@example.org
남순옥,81917,세종특별자치시 중구 삼성4로 932,영자신연립 K동 827호,016-214-7519,hbag@example.com
박은주,03270,대구광역시 용산구 백제고분가 785-21,민서박마을,016-935-7903,bagyeongjin@example.org
이정호,76447,충청남도 광주시 봉은사로 505-96 (민준이윤읍),서준성아파트,070-0259-8651,gyeongsugi@example.org
최혜진,12055,전라북도 양양군 잠실가 지하754,영일이아파트,043-316-3780,ugim@example.org
이민재,77491,세종특별자치시 송파구 석촌호수길 792 (지우황서동),경희우마을 553호,031-314-7840,junhyeog16@example.org
김도윤,00911,충청북도 시흥시 삼성거리 지하600,영희김아파트,061-102-0605,yeongjagang@example.com
김경희,77375,서울특별시 송파구 도산대로 864,정식이김연립 720호,032-948-3693,yangyujin@example.org
한민재,13027,제주특별자치도 성남시 수정구 서초대로 49 (성현류이마을),은영이타워 다동 339호,054-812-1451,yeongjinan@example.net
이보람,84187,충청북도 증평군 석촌호수470거리 8 (춘자김윤동),영일서아파트,055-632-0072,bagjiu@example.org
박현숙,08031,충청남도 수원시 권선구 영동대09길 748-5 (영길조이리),정남이김마을,061-729-8901,ii@example.net
이미경,22359,경상북도 안양시 동안구 선릉992가 778-61 (서영김면),진호최마을,011-334-6059,seongsuha@example.org
이민석,65747,대구광역시 서대문구 양재천거리 976 (유진백이읍),정식이연립,051-351-3863,jangcaeweon@example.net
김정희,74465,경상북도 고양시 일산동구 양재천거리 242,명자이빌라 Q동 300호,041-506-3771,donghyeonjang@example.com
이지원,46397,경상남도 연천군 오금거리 213 (영환곽동),재호김연립,02-5150-8997,coeyeonghwan@example.net
홍영숙,97850,대전광역시 동작구 백제고분6길 889,현주김아파트 X동 842호,042-434-6893,bagjiyeon@example.org
최준호,78992,대구광역시 종로구 학동305거리 666 (예지송이마을),지후김이연립 L동 700호,042-953-5596,simyejun@example.net
최은지,06176,광주광역시 성북구 봉은사1로 782,준혁김김타운 V동 623호,054-870-2399,ai@example.org
안아름,96974,강원도 동두천시 도산대거리 570,동현박김빌라 808호,041-499-3237,dohyeongim@example.net
서보람,32139,전라남도 아산시 반포대길 967 (지영박마을),민석황마을,044-620-8503,dohyeon93@example.org
김승민,39461,부산광역시 중랑구 언주308길 272 (정호이황마을),상철김타운,042-096-6757,subingu@example.net
허지연,25639,전라북도 성남시 봉은사4길 지하948 (성민최면),민서이연립,043-232-9417,seungminyun@example.com
오경희,74720,충청남도 파주시 잠실2길 420 (명자박류마을),상호이김아파트,016-254-3745,lson@example.com
김성호,29544,대전광역시 중랑구 서초대거리 162,성현최연립 O동 926호,033-772-5917,jiyeoni@example.net
손광수,99291,경상북도 태안군 잠실8거리 444,지민황한타워 O동 985호,063-632-3808,jia97@example.net
김민서,60099,전라남도 양주시 영동대61가 지하146,경희김오타운,010-7371-7384,yunjiweon@example.net
서경희,04263,경기도 광주시 서초중앙가 954 (하은박리),정수김연립,063-791-2534,jeongsuggim@example.org
강미숙,19906,서울특별시 강남구 언주38가 519-48,춘자김하타운,053-458-2717,myeongsug81@example.org
심은경,71141,울산광역시 중구 서초대로 994 (영순김김동),영순오김타워 774호,010-5436-2675,munmyeongja@example.com
황서윤,80519,강원도 의왕시 역삼가 185-84,성민김안빌라 O동 483호,017-069-3509,jgim@example.com
류성현,67601,전라북도 영동군 도산대32거리 지하44 (영길이마을),지민이이빌라,041-545-2481,yeongceol93@example.net
송승민,30729,전라남도 수원시 권선구 개포로 901 (영길곽남마을),재호최빌라 14동 584호,064-718-5910,gseo@example.net
박상호,16664,서울특별시 도봉구 언주로 274,재호김안타워 M동 591호,054-509-9286,minseo50@example.net
이현주,29659,울산광역시 서초구 반포대거리 지하792,하윤이서타워 365호,052-780-5417,byeongceolbag@example.net
김은영,09733,대구광역시 관악구 논현5거리 849,민수정빌라,042-547-0593,bagjiweon@example.net
이수진,28394,경상남도 용인시 처인구 잠실가 921,지원김마을 가동 921호,016-934-8530,iseonyeong@example.com
고중수,15416,충청북도 부천시 오정구 반포대거리 91,현주최최연립 420호,019-487-6341,jeongsugbag@example.net
박영자,14773,광주광역시 동대문구 반포대로 849,영수홍문타워 768호,053-248-3861,hgim@example.org
이미영,97490,울산광역시 강서구 선릉로 731-72 (준호전박면),도현구최빌라 636호,054-096-5476,coeyeeun@example.org
엄동현,38536,광주광역시 금천구 도산대687길 864-45,준혁허타운 757호,051-991-0522,jieun90@example.org
김진우,91310,광주광역시 서초구 학동가 848 (건우이김면),은경최박마을 495호,033-884-0096,qi@example.com
이수민,91124,서울특별시 용산구 서초대로 93 (영식김동),주원이타운 H동 294호,019-013-0102,jungsu06@example.com
노보람,06090,대전광역시 강남구 백제고분거리 414 (상철김김동),수민김타워 S동 169호,062-358-0636,yeongil01@example.com
장서연,00523,광주광역시 강서구 오금가 862 (숙자강동),영호강정타워 Y동 266호,010-5819-7055,gimjia@example.net
김미경,71889,충청남도 고양시 영동대가 849 (상호홍마을),경숙김마을 S동 609호,031-947-6836,anyejin@example.com
김재호,07227,인천광역시 동대문구 학동76거리 644,미경이타워 038호,02-3799-1392,boramcoe@example.net
최혜진,51138,충청북도 안양시 영동대212로 384 (채원곽마을),현정김아파트 428호,053-382-3058,gimjihyeon@example.net
박영순,65121,충청북도 금산군 언주997길 6 (은서고신리),보람안빌라,052-250-3396,gyun@example.com
박명숙,38866,충청북도 수원시 영통구 역삼로 791-61,영철김하빌라 939호,062-955-1128,gimsujin@example.org
이성수,17279,서울특별시 강동구 역삼98로 11 (지영장마을),종수송타워 588호,064-710-1343,zyun@example.org
김예은,90785,전라남도 부천시 오정구 언주21가 346-98,예원최마을 277호,051-427-9206,rgo@example.com
김민재,54991,강원도 예산군 압구정길 726-63,정숙김타운 177동 393호,063-861-5222,yeongsui@example.com
김지민,29158,충청남도 오산시 백제고분가 364-90,상호신연립 I동 747호,018-538-6001,ahwang@example.com
진은경,63510,경기도 삼척시 가락로 851-50,준호김한아파트 X동 094호,017-714-1262,joseojun@example.net
하경수,84569,전라남도 의정부시 개포길 880-50,하은엄타운,052-032-6638,jiyeon57@example.org
박정웅,25756,광주광역시 동구 도산대3로 437 (진호류마을),상철오타워,010-8058-3257,yeonggilyang@example.com
최중수,83762,대전광역시 구로구 양재천로 207-51,정순박권아파트 I동 177호,02-0935-7622,junseo90@example.org
허준서,80327,경상북도 동두천시 논현거리 957-2,채원심타운 T동 973호,043-481-6919,sujinsin@example.net
홍정남,93307,인천광역시 강동구 언주길 169,순자곽마을 I동 553호,063-061-3283,yeongho54@example.com
박은서,67573,대전광역시 강남구 오금거리 9-63,미경이박타워 J동 939호,02-4705-5195,yeongsug00@example.org
김은정,26735,경상북도 이천시 선릉33길 390-80,준영한유빌라 869동 620호,061-572-0258,yeongsug37@example.com
홍수민,65805,대전광역시 남구 석촌호수981가 918-79 (미영이박마을),영미김마을 H동 599호,031-705-8184,donghyeongim@example.net
박시우,21142,부산광역시 서구 백제고분09길 지하491 (민서이동),민수이마을,016-196-9933,jeonghunbag@example.com
김우진,84533,부산광역시 구로구 삼성27거리 516,영수백손빌라,041-583-1888,rgim@example.org
양상호,23728,전라남도 과천시 가락9로 895-43 (영환황서동),동현남이연립 K동 058호,041-628-0644,mijeonggim@example.com
김승민,16642,충청북도 부천시 역삼521가 848,우진최류마을 W동 024호,041-101-6743,gimjiweon@example.com
주병철,01333,대전광역시 양천구 잠실9길 지하703 (영숙서윤면),정수홍타운,053-557-4182,ibag@example.net
이경수,65360,부산광역시 북구 반포대3가 253-4,영자강허마을 다동 780호,02-7761-5442,hyeonu28@example.com
안미숙,72969,경상남도 남양주시 양재천가 871-17,현숙김빌라 V동 537호,041-815-2315,fnam@example.net
김재현,48752,경기도 안산시 상록구 반포대로 979 (영진서박리),지원박빌라 B동 015호,031-653-6226,seongmingim@example.com
손지후,19572,서울특별시 종로구 잠실길 677,은영이강마을 218호,042-317-1164,fbag@example.net
장우진,21631,경상북도 당진시 반포대길 지하950,정훈하빌라,062-485-8865,gimmyeongsug@example.com
이미영,41043,울산광역시 종로구 개포길 614-87 (상철문동),춘자고김타워 F동 023호,011-169-6909,ggim@example.org
윤서준,13068,서울특별시 중랑구 서초중앙36거리 715-76,유진최아파트,053-434-5513,jangseojun@example.org
류영식,96295,서울특별시 강남구 압구정로 674 (윤서진우리),현정이타워 756호,055-078-3826,ao@example.net
이미숙,55290,경상북도 음성군 백제고분로 663 (경숙우리),순자김박타운 907호,010-0763-9862,sjang@example.net
안지혜,31632,대전광역시 북구 영동대457길 906-54,서연박황마을,053-639-0828,pryu@example.com
안경희,62667,경상북도 안양시 석촌호수3길 698,영숙임김빌라 188호,043-007-7758,jongsu55@example.org
허지훈,11859,제주특별자치도 안양시 만안구 언주811로 785-44 (시우홍안면),순자윤양타운,032-372-0803,yeongjahan@example.org
이정수,38640,세종특별자치시 동대문구 양재천거리 491,지연서이연립,031-936-8173,hyeonjigim@example.com
장지현,50320,대전광역시 양천구 도산대길 922-38,성훈박이연립 H동 184호,052-667-0304,ugim@example.net
오지연,43370,경상남도 서산시 선릉길 867,민서이우타운,016-392-4454,mijeong12@example.org
송도현,25893,서울특별시 강동구 학동가 42 (서준이면),재현윤오타운 R동 564호,018-144-0550,areum92@example.net
김성호,80319,충청남도 보령시 논현길 67,영순양한타운 874호,041-542-7876,kbag@example.net
박윤서,42295,경상남도 아산시 백제고분길 지하778 (민서박읍),준혁윤연립 321호,031-439-2836,juweon57@example.org
최민서,21159,부산광역시 구로구 논현로 625 (서연최최읍),종수남아파트 927호,051-482-5643,ri@example.com
김시우,62580,충청북도 과천시 가락로 804,건우최빌라 686호,063-909-0774,gangjeonghun@example.org
조미정,25926,전라북도 시흥시 양재천거리 707-82 (준호홍동),지영이타워,016-084-1939,sunoggu@example.net
유영자,68085,제주특별자치도 안산시 상록구 양재천로 620-28,옥순구박마을,032-411-4909,yeongil02@example.org
이은경,82042,경기도 부천시 석촌호수8가 302-70 (정훈김읍),서윤정마을 084호,052-927-3363,bagjeongnam@example.com
김혜진,75142,세종특별자치시 강서구 서초중앙길 600-21,옥순김타운 833호,041-663-2326,yeongsigsim@example.net
이은정,69285,충청남도 충주시 압구정거리 35,미정이마을 U동 595호,054-163-0407,jihyeju@example.com
이예원,51620,광주광역시 용산구 영동대길 180-24 (정훈김마을),수진홍김타워,043-472-8068,jihyeon61@example.org
이성수,17527,울산광역시 중구 역삼길 982-33 (종수박오리),영자김빌라,062-908-2573,yejiha@example.net
강유진,66600,울산광역시 북구 압구정로 994-86,경희박빌라,055-761-3438,ni@example.com
강상훈,67241,제주특별자치도 부천시 소사구 학동2로 71-17 (영식이김리),종수장연립 M동 732호,063-766-9088,gimdonghyeon@example.org
한혜진,89449,인천광역시 동구 영동대3가 393 (현주박곽읍),하윤엄빌라 L동 725호,054-107-3719,imminseog@example.org
안윤서,34127,경기도 청주시 서원구 테헤란777가 835,예진한빌라 688호,042-156-9478,migyeong42@example.org
유성진,61093,대전광역시 서초구 반포대297거리 109 (지원김김동),지아허고타워,016-348-6690,ebag@example.com
한승민,56828,경상남도 안성시 가락가 187,지혜임고타워,010-3097-6168,jiyeong77@example.com
김경희,69828,충청북도 부천시 소사구 서초대672가 248 (경희이홍리),은정안이타워 Y동 236호,064-739-3958,eunju96@example.com
배경희,43896,인천광역시 서구 봉은사965가 403-24,옥자이고타워 U동 772호,02-1305-0648,hanjaeho@example.net
김진호,00983,경상북도 광명시 석촌호수길 766-83,명숙김김마을 바동 522호,061-518-4444,hyeonsugna@example.com
권성현,71759,전라남도 고성군 백제고분2거리 292-17,현지최박타운,017-861-9098,hyeonjeongcoe@example.org
김수빈,60376,세종특별자치시 종로구 봉은사로 487-99 (지현박최읍),종수김마을 781호,033-754-1740,sumingim@example.net
김예지,41155,전라북도 청주시 흥덕구 백제고분447길 지하689 (현주오읍),서현김이빌라 149호,070-6365-7075,jimin62@example.com
이영철,81044,충청남도 원주시 영동대로 266 (정훈김김마을),춘자양한마을 450호,064-740-1686,jeongja07@example.net
이지혜,56410,전라북도 천안시 서북구 석촌호수길 376-43 (옥순최면),하윤이김아파트 925호,02-3747-1583,sinseongmin@example.com
김정훈,96280,강원도 양구군 영동대976길 714-20,재현김장타운 996호,041-658-5519,isunja@example.com
박명자,90300,광주광역시 도봉구 도산대5가 264-42 (순옥백이마을),지아황연립 나동 581호,063-657-7862,iryu@example.com
류경희,60209,부산광역시 관악구 서초중앙8길 72,은지이빌라,061-473-5171,jan@example.com
구지훈,20156,대구광역시 영등포구 개포거리 지하640,명숙이타운,054-747-0245,nseo@example.net
권지연,17433,경상북도 하남시 압구정로 676-75 (미경강김동),아름손김빌라,018-743-4109,byeongceolgim@example.net
송은주,66878,대전광역시 서구 강남대거리 527 (지원안이리),옥자이최마을,042-466-9911,ecoe@example.com
김현준,00917,세종특별자치시 성동구 삼성가 122-91 (상훈이최면),윤서홍타운 504호,043-216-5973,caeweonhwang@example.com
이상훈,19225,울산광역시 중랑구 오금07로 지하832 (은정최최마을),서윤조타운 F동 778호,044-772-7158,bi@example.com
박중수,42831,경상남도 양구군 언주777거리 80-10,은정황마을,044-685-8409,seongjingim@example.com
이지우,73137,서울특별시 강동구 논현2거리 지하977,윤서김빌라,055-073-6712,sanghun79@example.com
박서윤,48672,강원도 안양시 영동대거리 752,영일권타운 F동 350호,055-127-4489,ijiyeon@example.com
김영수,41904,대구광역시 중구 잠실13길 285,은영안연립 636호,018-762-4384,jinseongmin@example.com
정옥자,32494,제주특별자치도 안성시 백제고분51로 893,정호이김빌라,017-134-9776,juweon53@example.net
김광수,66666,울산광역시 강동구 가락길 431-9 (영식송이리),예원박아파트,064-710-1420,sunoggim@example.org
이미정,73824,경기도 구리시 삼성0거리 810-34 (예원이읍),중수류박타운 711호,016-887-1010,jongsu79@example.com
안민준,15273,경상남도 고양시 일산서구 백제고분18길 632,선영서타워,053-448-7739,minjungim@example.com
구상현,17558,전라북도 양주시 삼성로 32-67,지연류타운 519호,031-889-7912,myeongsuggim@example.org
진시우,89453,경기도 보령시 반포대거리 795 (서윤김면),서영김이타운 U동 745호,033-637-8752,hyeonju03@example.com
서혜진,52417,대구광역시 서초구 서초대가 577-2,예원박연립 S동 841호,044-624-3417,si@example.com
김지연,90475,충청북도 정선군 잠실148로 14-62 (영환최이마을),윤서곽김아파트 H동 904호,063-565-7690,yhan@example.org
강명숙,14648,경기도 용인시 처인구 가락085길 25-41,영진서아파트 나동 439호,055-302-4304,hyeonjubag@example.net
박영길,51678,광주광역시 성동구 가락101로 72,성민박백아파트 045호,019-640-1581,sanghun29@example.com
박진호,31781,경기도 홍천군 테헤란7거리 484,은영송김타운,062-406-9185,ai@example.net
하준혁,87678,경상남도 청주시 상당구 논현5길 959,경희김연립,044-710-5040,sonminseog@example.net
박병철,71271,경기도 예산군 논현3로 534,지영김박타워 가동 216호,011-406-2777,jia94@example.net
임준호,95693,서울특별시 서초구 백제고분길 877-9 (현숙김동),민준박윤빌라 11동 578호,010-2742-1019,gimseonyeong@example.com
이영숙,98949,울산광역시 양천구 백제고분5로 901 (도윤이면),지혜윤타워 251호,019-913-4707,lcoe@example.org
이예지,29699,울산광역시 성동구 도산대길 696-76,지영김타워 나동 937호,017-899-6743,seunghyeon80@example.net
박정희,17533,전라남도 수원시 권선구 테헤란가 706-70 (명숙김박리),준서전타운 536호,032-956-8456,idoyun@example.com
서은정,71734,광주광역시 중랑구 테헤란666길 755-25 (광수장마을),정자백김빌라 588호,043-741-2050,donghyeonno@example.com
이성호,71587,제주특별자치도 강릉시 서초대880거리 117 (하은김면),정희김백빌라 마동 539호,02-2378-5458,wjeong@example.net
최예진,56756,충청북도 하남시 테헤란5로 지하9 (영일김읍),재호이오연립,062-381-0268,ai@example.org
우미정,61300,광주광역시 송파구 가락75거리 420,영희이이마을 D동 183호,033-790-0491,jaehyeon40@example.net
강하윤,43719,전라북도 광명시 백제고분로 658 (성현장김면),민지박타운 L동 834호,053-263-7179,jeongsunyun@example.com
오아름,83035,인천광역시 중랑구 삼성69길 581 (재호박면),영환장강타운,070-4727-7264,jiyeong92@example.org
고지원,83212,경상남도 춘천시 석촌호수가 120-76,은경조백마을 T동 627호,016-059-1627,sunog34@example.org
유성호,36122,경기도 서산시 봉은사37거리 781,성현권타워 754호,011-493-1793,sangceolgim@example.com
김승현,64114,서울특별시 중구 선릉로 721,상철김연립,019-520-7003,gyeongjasong@example.org
이현주,70234,서울특별시 강서구 양재천9길 지하134 (보람한고면),명자박마을 604호,032-172-4448,gwangsuhan@example.net
허준서,59298,충청북도 영월군 삼성7가 617,현준윤마을,063-552-5392,yeji91@example.net
이정식,26586,경상북도 청주시 상당구 영동대677길 지하161,미경박아파트 O동 287호,053-308-6346,jeongjacoe@example.org
이동현,77680,부산광역시 도봉구 논현17가 701-75 (미정이차동),정호박권빌라,062-361-5839,dohyeon24@example.com
김준서,07258,제주특별자치도 과천시 영동대길 지하111,동현손강아파트,033-546-9878,myeongja10@example.com
김서현,91379,충청남도 청주시 흥덕구 봉은사92거리 353-38 (숙자장김면),예준한빌라 887호,019-018-8840,sunog85@example.net
황준영,20874,대구광역시 서구 삼성로 740 (예지조남리),승현안오연립 D동 758호,011-167-4255,jiyeon17@example.org
오영환,17159,강원도 양주시 도산대109거리 208 (경숙박동),영진김마을 369호,053-335-3754,gimsubin@example.net
김영자,67748,광주광역시 서구 역삼8거리 778-85 (수빈최진마을),지원권타워 V동 803호,018-170-0265,byeongceol05@example.org
김정호,09780,경상남도 태백시 오금03로 148,경숙황김타워 431호,041-173-0834,myeongjacoe@example.org
한지혜,64110,충청남도 광명시 봉은사701가 2-20 (지후박동),민지박빌라,054-321-1768,yeonggil21@example.com
이병철,28336,울산광역시 강동구 양재천거리 199-35 (상호주마을),중수이노마을 516호,032-643-0382,gangyeonghyi@example.net
오지아,40247,세종특별자치시 서초구 오금353로 25-20,상훈이고마을 685호,043-936-7505,ri@example.net
안지영,08176,충청북도 수원시 권선구 잠실5거리 619 (수빈장김리),지우김타운 W동 498호,052-790-7372,jeongsu52@example.net
한수진,50272,광주광역시 서대문구 서초중앙길 340-72,지우이김연립 170동 813호,017-715-4839,fcoe@example.com
장영자,51278,울산광역시 구로구 도산대길 469,지아손타워,041-321-8111,sanghun98@example.org
김경숙,65140,부산광역시 용산구 오금423가 188 (영미권장면),준혁이이아파트 052호,016-607-4659,bi@example.com
안준영,81396,인천광역시 중랑구 테헤란거리 892-24 (지민송양동),성현김타운 X동 993호,042-451-2432,songseunghyeon@example.com
신진우,71439,충청북도 군포시 압구정7가 71,재현박황아파트,053-609-6843,ygim@example.net
김성수,99735,강원도 가평군 압구정6길 5,은서우마을 327호,051-593-0638,hyeonsug73@example.com
박재현,56234,경상북도 당진시 압구정가 167,민지김타운 D동 162호,010-8780-6148,junseobag@example.net
이재현,41449,충청북도 청주시 흥덕구 삼성거리 222,채원이김빌라,064-710-8830,fgim@example.net
한춘자,23181,울산광역시 중랑구 양재천9가 459-10,정남최타워 012호,019-936-7924,coegyeongja@example.org
박상호,55477,전라남도 공주시 테헤란31가 359,지혜최연립,032-702-9010,gimyeonggil@example.net
이미정,98205,경상북도 수원시 영통구 서초대거리 483-29,영길김최연립,070-7412-4938,ijongsu@example.org
이지우,35214,경상남도 하남시 가락가 64 (영희이마을),수민김타운 414호,063-283-4643,zcoe@example.org
류윤서,29860,충청남도 동두천시 학동로 488,경수이연립 067호,054-335-0800,dcoe@example.org
최정웅,94592,강원도 수원시 장안구 오금거리 964,상호박박타운,054-798-0950,hyeonsug62@example.com
황광수,32007,전라북도 영월군 서초중앙거리 893-20 (현준김조읍),수빈황장타워 P동 676호,055-808-3231,ojunyeong@example.net
이영자,18490,경상북도 예산군 잠실가 830,예준이이타운,053-728-6606,hwangyeji@example.net
송미정,47683,광주광역시 영등포구 양재천075가 444-31 (경숙윤백면),성호고김마을 803호,055-319-4177,jiyeong32@example.com
김옥순,19148,경기도 부천시 소사구 도산대750길 409,성진이김마을,011-011-6439,coeeunjeong@example.net
김옥순,03189,경기도 포천시 양재천길 791-56,상호김박빌라 다동 345호,070-8865-8537,chan@example.com
김상현,03360,울산광역시 양천구 언주거리 348-47,지훈황최타워 D동 259호,033-381-8592,jangyeonggil@example.com
박영자,05092,제주특별자치도 연천군 잠실가 449-44 (현숙안면),정식배김연립 724호,055-081-1015,jia41@example.net
김상현,33434,경상남도 성남시 수정구 영동대8길 490 (지현박손읍),광수최이아파트,044-400-1707,gimyeonggil@example.net
권지혜,73108,울산광역시 은평구 석촌호수9가 지하34,미경한아파트,031-255-1000,ugim@example.com
안예은,42714,충청북도 파주시 영동대222길 360 (진우김최마을),보람서빌라 905호,016-407-6231,jihuni@example.com
임지아,79606,서울특별시 노원구 개포2거리 936-22 (성훈이김리),아름조강타워 535호,054-192-7599,rgim@example.net
김아름,58075,부산광역시 서대문구 언주가 지하729,병철심서아파트,070-4277-9530,xbag@example.org
박지훈,79546,서울특별시 송파구 서초중앙172길 702,아름김박아파트,054-970-3644,juweon78@example.org
차미숙,26787,제주특별자치도 충주시 논현84거리 482,성수윤아파트 227호,070-3894-9058,di@example.net
김현우,51527,경기도 용인시 처인구 역삼05로 759-41 (예은박면),순자김연립 122호,052-141-5787,ogjacoe@example.com
나민재,63250,세종특별자치시 강서구 백제고분12거리 지하326 (보람박면),승현박마을 026호,031-390-0625,wi@example.net
김예원,90562,대전광역시 용산구 삼성1로 447,준서이아파트 R동 842호,016-910-2621,baggyeongsu@example.net
김춘자,42179,경상남도 연천군 학동275거리 94,예원김마을 바동 493호,011-699-5310,gimsangceol@example.org
나서연,05114,대구광역시 성북구 학동8가 428-23,우진양타워 891호,052-113-5510,ugim@example.com
박지후,74262,전라남도 고양시 일산서구 압구정로 지하700,상현이김타워 F동 119호,011-076-4965,yeongjinhan@example.net
이예지,70092,광주광역시 은평구 언주6로 905 (지은김황동),정남이타워,010-5969-9535,sanghunim@example.org
황동현,56635,서울특별시 중랑구 언주거리 359-20,영미김박타운 S동 910호,044-191-2479,hgim@example.com
이정희,78992,경기도 광명시 도산대거리 291-18,춘자서김빌라 046호,064-736-2632,seongjin79@example.com
한옥자,97224,부산광역시 구로구 언주3길 647-15 (하은강김면),민지김윤타워,044-177-2504,dcoe@example.net
유미숙,57008,대구광역시 용산구 선릉로 지하184 (영진송면),준호박마을 201호,018-576-0538,sugja88@example.net
강정식,41030,전라남도 아산시 양재천길 732-19,영일김마을 P동 065호,010-6942-4904,tca@example.com
박지연,82346,전라북도 여주시 서초대51로 923 (정숙황읍),영희이이타워,011-964-1096,di@example.org
한현주,84159,충청남도 부천시 오정구 선릉84가 161 (정수김손리),주원박연립,063-855-7482,gimyeonggil@example.com
이정호,91396,제주특별자치도 수원시 영통구 도산대016로 347 (민지박면),영식박이빌라,043-893-5067,ysin@example.net
최미영,46424,강원도 안양시 만안구 양재천091로 39,성현김이타운,053-729-9050,bson@example.com
김미정,64907,충청남도 부천시 석촌호수18가 지하219,도현김마을 689호,044-909-7989,seojeonghun@example.net
김아름,62621,서울특별시 동작구 삼성43로 291,정웅양마을 415호,032-278-7632,juweon85@example.org
백성민,11493,서울특별시 도봉구 테헤란365가 453 (은서남김마을),건우심최타운 H동 684호,051-102-6792,sanghyeon59@example.com
최예원,63745,광주광역시 동구 선릉73길 939,예원김마을 032호,063-605-1973,seongjini@example.org
조유진,17631,제주특별자치도 영월군 도산대로 136-65 (서윤이백리),병철손타운 Y동 991호,061-809-3173,jongsu04@example.com
허영환,54872,서울특별시 중랑구 석촌호수길 457,상철박타워 334호,043-045-5577,seonghyeongim@example.net
김시우,33793,세종특별자치시 서초구 압구정길 97-46 (민수박안읍),현숙박아파트 250호,010-5973-5343,coejinu@example.com
이선영,44196,서울특별시 노원구 압구정962길 610-44,성진박타운,044-179-2889,yeonghyi48@example.com
김상호,21740,대구광역시 광진구 압구정714로 96 (경수권읍),경희박이마을,041-328-9550,idohyeon@example.org
김정남,38898,전라북도 금산군 삼성605거리 197 (정웅한동),수민김아파트,042-154-8051,xno@example.net
이성수,54021,서울특별시 금천구 오금길 871-77,상현김타워 680호,070-4667-9012,seohyeon94@example.net
김상훈,87418,충청남도 평택시 논현206길 지하910,영진최마을 D동 327호,031-543-1234,sangceol92@example.com
안아름,42534,강원도 영월군 반포대가 252-22,영순이타워 540동 356호,051-242-5065,yeongjaca@example.com
황경수,31834,경상남도 평창군 논현로 395-36,경숙강마을 154호,018-787-7687,wha@example.net
최미영,90665,인천광역시 강북구 영동대가 316-42,성훈조김마을 E동 398호,044-675-4642,yeweon11@example.net
이현정,93395,부산광역시 노원구 서초대3로 지하698,옥자윤류마을 G동 497호,051-959-4661,ean@example.com
지준호,22474,광주광역시 구로구 영동대15거리 884 (영자류민마을),성현하권연립 G동 924호,033-609-1438,ieunji@example.net
황지아,93515,대전광역시 강동구 삼성35가 670-44 (영자김면),민수이타워 83동 504호,041-638-0422,imijeong@example.org
성준호,72328,제주특별자치도 하남시 개포31거리 601-68,예원곽연립 A동 191호,063-878-0587,esin@example.net
이상철,01754,부산광역시 양천구 오금로 960 (은지박마을),지혜손권아파트 K동 305호,016-962-2632,bgim@example.org
이정웅,14035,경상남도 홍천군 서초대918가 지하856 (순자우이리),성훈이타운,053-112-3801,jangdoyun@example.com
윤명자,72671,세종특별자치시 중랑구 학동689로 지하434 (상철오리),순옥노김아파트 E동 443호,011-227-9040,tgim@example.net
김영환,49989,강원도 고양시 일산서구 선릉거리 지하702,윤서김정빌라,064-753-9097,oi@example.net
전지은,70733,세종특별자치시 남구 도산대69길 223 (서현송동),숙자권마을 040호,018-224-4839,nhwang@example.com
김건우,87816,제주특별자치도 영동군 오금160가 712-81,성훈박마을,016-393-7777,hyeonjicoe@example.net
이민재,83852,울산광역시 구로구 학동35가 422-73,수빈김성연립 E동 143호,02-1258-0865,di@example.net
최혜진,84793,대구광역시 송파구 영동대로 지하359 (영일이강리),정훈최연립 G동 431호,062-845-7549,cunja65@example.org
손미숙,09526,대전광역시 송파구 잠실4가 840,상훈이강타운,054-339-5222,yeongsunbag@example.net
한지후,85983,대구광역시 금천구 양재천24로 309,경숙박연립 R동 072호,064-749-4552,eunyeongca@example.net
양현정,09826,인천광역시 동작구 역삼거리 135-83,혜진이최빌라 974호,053-459-9888,yeonghwan45@example.org
강종수,27107,서울특별시 동작구 강남대로 812,건우황연립,063-342-8986,seongjin81@example.com
김정훈,13418,세종특별자치시 종로구 논현거리 372-15 (영진강리),명숙윤김아파트,032-849-5594,seoyeongim@example.org
신영식,64216,서울특별시 중랑구 언주거리 722-38 (정희김마을),우진안김타운,061-266-1919,jongsugim@example.org
권성현,34013,전라북도 수원시 영통구 오금가 245,유진김류타워 284호,054-801-1927,jseo@example.com
박미숙,21089,전라남도 부천시 테헤란575거리 890-28 (혜진김차면),영철김성아파트 X동 077호,018-037-3488,bagjeongsun@example.org
백성현,66105,전라북도 여주시 도산대길 지하367,준영김이마을,055-220-9246,yeongilgim@example.com
성지아,04208,경상남도 수원시 영통구 선릉768길 412,은지이강타워 261호,062-006-8817,sgim@example.com
이지현,77229,세종특별자치시 성북구 봉은사가 60-34,예지이송빌라 525호,043-611-5294,seoyungim@example.net
박은주,03472,대구광역시 성북구 학동1가 460-62 (영숙김읍),보람권타운,042-402-9103,whan@example.net
김지은,16251,대전광역시 금천구 논현179로 지하983,상현류강연립,033-227-3226,igeonu@example.com
김지민,68717,전라북도 청주시 청원구 봉은사로 지하311,미영박마을 가동 346호,043-758-8991,siu12@example.com
김준서,80623,울산광역시 은평구 개포로 643,정순이빌라 마동 666호,032-744-3205,yeongjinbag@example.net
이영희,32500,대구광역시 강서구 논현길 952 (은지곽나면),병철김김타운,018-418-6051,sangceol34@example.org
박서윤,60969,광주광역시 서대문구 압구정79로 800 (은서배최읍),은서손이빌라 바동 607호,054-909-9967,jeongsubag@example.com
박영순,47498,대구광역시 성북구 언주220로 629-25,서영최박타운,011-200-8089,lseo@example.net
박민석,52606,전라북도 고성군 개포516길 12,도윤김빌라 283호,033-644-5571,gyeongsugang@example.com
박도윤,29118,경상남도 부천시 소사구 잠실로 487,지연안마을 208호,042-993-7082,gimjunyeong@example.net
장민서,35244,충청북도 횡성군 도산대길 83 (민지이김마을),성진노연립,063-235-6083,gyeongsug18@example.net
박미영,65806,충청남도 성남시 반포대51로 113,서현윤타워 라동 935호,044-853-9101,jinseonghun@example.com
임현숙,53745,부산광역시 강남구 서초대26가 지하320,재현박마을 R동 727호,031-143-3804,bagyeweon@example.net
양은경,39603,대구광역시 관악구 도산대가 167-55,은주안강연립 973호,051-346-4194,pi@example.com
박영길,58423,대전광역시 은평구 역삼74가 지하252,현정김연립 600호,061-470-0799,cunja40@example.net
안채원,76371,인천광역시 관악구 가락길 808 (정호이이마을),현지윤빌라,064-792-9566,yunseo67@example.net
김하은,71020,충청남도 청양군 강남대거리 867,영호최이타운,018-603-9046,yeonghyii@example.net
신민수,08127,울산광역시 남구 삼성44거리 841-32,지민김박아파트 A동 028호,053-176-7096,sonsiu@example.net
박성수,44169,부산광역시 서대문구 강남대가 419 (정웅박강마을),민준김타운 280호,016-629-5464,jongsui@example.org
안영철,99208,인천광역시 강서구 반포대길 940 (승민김동),민준이아파트 573호,02-6539-1842,munsiu@example.net
김서현,94720,제주특별자치도 하남시 학동282로 107 (유진김김리),성민유아파트 S동 599호,02-7179-6716,ujini@example.net
최유진,58237,경기도 양평군 언주로 793-64,승민민타워,063-592-5028,jeonghyi13@example.org
이미정,61427,서울특별시 용산구 도산대로 472-61,서현김마을,070-3267-7074,hayun02@example.net
권성호,97827,울산광역시 서구 봉은사55가 573-81,건우이송타워,02-1860-7960,mgim@example.net
김진호,60991,경기도 단양군 도산대길 980-72 (미숙강김동),병철강김빌라,016-770-2888,gimsanghun@example.net
최옥순,33848,경상북도 수원시 장안구 언주7거리 632,수민김김타운 741호,010-5814-8372,seonyeong65@example.net
류은영,95713,경상북도 홍성군 테헤란로 186-90 (영철송읍),영일이연립,052-503-4430,myeongjajang@example.net
유정자,90736,경기도 고성군 서초중앙312로 216,지우이이빌라 180호,043-299-9543,seojungim@example.org
조정식,44388,울산광역시 중구 강남대가 562 (준혁심면),은정김이마을 860호,031-032-9129,seonghyeon17@example.org
김지우,28418,제주특별자치도 춘천시 석촌호수길 101-52,민준김강타워 552호,019-422-7702,jeongnamgim@example.org
김현정,69142,울산광역시 금천구 오금가 807-84,성현이양타운,032-417-8071,jiyeong90@example.com
권현주,65253,전라북도 안성시 선릉로 564-71 (수진이김읍),미경장이타운 473호,061-532-4389,hyeonsugryu@example.net
안영길,71122,대전광역시 금천구 언주길 382-19 (영희김면),서현윤아파트 M동 319호,051-202-2922,yeongjin30@example.org
최지우,66601,부산광역시 금천구 압구정297거리 275 (지아이이마을),수진오마을 D동 042호,018-290-8381,ngim@example.com
김현숙,75752,제주특별자치도 진천군 학동16거리 지하52 (영식이동),선영지최아파트 D동 425호,070-7486-1335,seongmini@example.com
임수진,71067,대구광역시 마포구 강남대가 94 (진호이이동),유진차타워 V동 220호,017-169-9010,rheo@example.com
윤승현,42239,울산광역시 강북구 개포가 지하72,성호이빌라 866호,042-512-3849,ryuyeji@example.net
최현정,39165,인천광역시 남구 오금로 895,민재김타워,043-794-9555,jiyeon74@example.com
김현우,94618,전라남도 평택시 언주로 144-56,민준고신연립,070-4326-6963,oeom@example.com
김하윤,81578,충청남도 남양주시 삼성18길 953-20,은경서연립 T동 370호,051-428-9706,ijaeho@example.com
이정웅,98641,경상북도 구리시 언주0로 335-47 (성현우이면),중수김김빌라 719호,070-0244-8843,ihyeonjun@example.net
백성훈,59449,세종특별자치시 금천구 오금962거리 265 (영철최동),정식이김타운,011-696-4428,baggyeongsu@example.net
김정순,86910,서울특별시 중구 강남대거리 지하714,지혜김오연립 마동 017호,033-128-8208,yeweon20@example.net
김은정,60156,인천광역시 구로구 언주로 145-35,정순황권타워 E동 826호,016-263-5517,gimmyeongja@example.com
김영미,98145,충청북도 이천시 언주93거리 314 (미경서이동),은정김마을 J동 153호,051-312-3895,gimseonghun@example.net
이옥자,46270,경상북도 안성시 논현길 924-46,현주김타워 Y동 602호,033-782-7647,jeongho89@example.com
박예원,47243,제주특별자치도 홍성군 석촌호수로 지하412,정순권타워 522호,032-927-1652,yujinjeon@example.net
이서윤,94260,경상남도 예산군 백제고분길 410-94,미경서타운,018-330-4741,janghyeonjun@example.com
최지후,36806,서울특별시 송파구 개포77길 224,지연황아파트 가동 154호,052-576-1535,gbag@example.org
권경수,47987,경상북도 안양시 역삼925가 109-76,예원정타운,017-032-9455,gimyeonghwan@example.com
최미영,41073,강원도 금산군 삼성거리 788 (서영이박읍),예원황빌라 Z동 875호,019-206-3008,coeboram@example.org
김영길,75217,충청북도 영동군 오금7길 265 (정남손마을),민지이타운 Q동 464호,055-694-2080,seonyeong54@example.net
안현우,22427,울산광역시 강동구 언주거리 702 (영철양리),지혜심마을 875호,064-793-9617,xryu@example.net
홍은정,27499,제주특별자치도 성남시 수정구 잠실가 90,광수민타운 105호,043-121-0967,ebae@example.com
류서현,62415,충청남도 천안시 서북구 선릉75로 204,정식신김아파트 J동 223호,033-417-8633,gimbyeongceol@example.com
이서윤,58396,경상남도 옥천군 영동대04거리 지하683 (승민문김마을),지원민이타운,052-230-9882,esong@example.com
이수진,93111,대구광역시 동대문구 강남대1길 710-81 (은서엄읍),정순조타워 F동 179호,031-266-9930,namyeonggil@example.com
류예지,83079,대구광역시 중랑구 오금길 360-71,선영박이빌라 881호,051-192-0197,namjeongung@example.com
나도현,07737,경상북도 삼척시 석촌호수027길 135-29 (정남고동),경자이김마을 859호,019-307-2713,gimeungyeong@example.org
이은영,92020,대구광역시 구로구 개포64로 84 (도현한배마을),준영박연립 483호,02-9032-7655,hbag@example.com
엄영호,43979,충청남도 서천군 오금499로 18,미영강김연립 바동 422호,02-4616-9781,ou@example.net
김순옥,96432,강원도 속초시 잠실238로 584-13 (정남박한면),미경전이아파트 680호,061-550-0855,yeongho03@example.org
양명자,80118,충청남도 고양시 언주길 427,순옥김타워,019-973-9314,yeongjin27@example.com
김민지,68630,부산광역시 강동구 석촌호수길 739-50 (정희이읍),은경강이마을 268호,051-482-5305,junho28@example.org
김예은,26836,대구광역시 광진구 봉은사로 27,지은이이아파트 399호,018-197-2831,mgim@example.org
황진호,19672,인천광역시 강남구 언주가 지하927,현숙박마을 422호,033-994-5178,igim@example.net
윤은지,68426,경상남도 이천시 역삼길 526-47 (하윤김동),지은김연립 N동 610호,019-006-6901,yeji46@example.org
김승현,89338,대구광역시 강남구 백제고분93가 853-31 (민석류읍),정수진이마을,016-086-3832,iyujin@example.net
오지민,50687,충청북도 공주시 압구정728로 376-44 (아름허양면),상철이이타운 바동 976호,011-034-3607,zi@example.org
서예진,04839,제주특별자치도 평택시 가락길 678-33 (영수이김면),경자김타운 R동 791호,032-250-1359,seunghyeoni@example.com
김지원,78627,충청북도 서천군 봉은사길 994 (지현김류읍),수민김연립 475호,016-363-9385,donghyeon28@example.net
오혜진,08205,제주특별자치도 부천시 오금9가 556,미경이이마을,062-497-6374,tseong@example.org
김상훈,95120,전라북도 계룡시 영동대길 지하769,성수김김연립 282호,063-523-9178,hyeonji20@example.org
김지아,85639,제주특별자치도 화성시 오금가 205 (중수이박마을),정자이연립,044-120-2545,gimjeongho@example.org
강순자,21949,충청북도 천안시 동남구 개포20로 지하832 (현주김최마을),민서이곽빌라 568호,016-693-6184,seonghungim@example.net
이은영,12629,경상북도 부천시 원미구 백제고분거리 지하91 (지훈이김동),하은김김타운 W동 825호,032-447-1830,subinsong@example.com
이민수,39366,세종특별자치시 마포구 봉은사길 508-26,진호김장연립 N동 708호,043-375-1292,sunoggwag@example.com
이준영,12538,부산광역시 강북구 강남대3로 775,영환조이아파트,070-1462-4317,gojeongsig@example.net
이순자,64913,인천광역시 강남구 도산대56거리 837 (성현박류읍),도현구마을,042-053-7506,yeongho49@example.net
김선영,27623,광주광역시 도봉구 논현07로 185 (정호김마을),옥순박김아파트 다동 648호,016-853-1313,ijihun@example.com
최미정,58990,경상남도 고양시 테헤란73길 557,은지곽김타워,010-6590-9448,gyeongsugim@example.org
이숙자,74606,인천광역시 강서구 학동455거리 97-53,영진김조마을 P동 210호,031-506-0643,seonghungim@example.net
이민준,70985,전라남도 인제군 도산대1길 54,예은손이연립,051-095-9035,jinu58@example.org
엄순옥,47844,전라남도 구리시 삼성1길 지하640,민지류타운 U동 801호,02-5813-4476,sineunji@example.com
김지은,88988,전라북도 음성군 백제고분가 503-92,아름권빌라 R동 790호,051-088-8047,ihyejin@example.org
장영숙,17244,광주광역시 양천구 봉은사가 664 (수진김김읍),미숙김전빌라 333호,064-717-1584,sanghun46@example.com
강정숙,98811,세종특별자치시 강동구 잠실4거리 193 (보람이마을),시우박아파트,053-360-2121,pgim@example.org
이수민,70628,서울특별시 성북구 언주로 980 (은서이송동),명자오이빌라 614호,011-495-6338,minji08@example.com
오도윤,27268,광주광역시 동대문구 개포81로 356 (상철윤리),수민오김빌라 630호,062-848-6158,junhyeog44@example.net
문민수,61536,충청남도 성남시 석촌호수560로 689,하윤한김마을 C동 049호,052-176-8040,rjang@example.org
한지훈,52699,서울특별시 노원구 석촌호수거리 527-62,지후김이연립,070-7728-9100,jaeho86@example.net
이현우,13322,울산광역시 강북구 영동대26길 940-61 (지후황읍),영미권타운 105호,011-270-1651,ri@example.org
윤병철,36779,경상남도 안성시 도산대거리 778-98,지민김아파트 U동 544호,044-891-7646,seoyeon88@example.org
오성진,43745,대구광역시 강동구 개포거리 지하113 (준호고이마을),성진박아파트,051-974-2743,bagyeongmi@example.org
최경자,30971,서울특별시 중랑구 개포거리 566,건우고박타워,031-048-4077,dyun@example.com
서민지,40133,대구광역시 중랑구 강남대로 958,민서김최마을 H동 711호,02-5027-4306,yunseosong@example.net
고서영,06028,충청북도 동해시 반포대014가 136-48 (윤서백이읍),민준최김연립 B동 538호,070-7693-7168,yeongmi70@example.net
박영철,16100,서울특별시 종로구 양재천069가 지하47 (수빈권동),명자손박타운 마동 791호,033-108-9645,jaehyeongim@example.org
이지영,02075,인천광역시 은평구 역삼7거리 480-24 (진우이동),현지황박빌라,061-644-9620,ieunyeong@example.com
하현주,36809,경상남도 천안시 동남구 학동07로 194-91 (정웅이백면),윤서고타운 936호,031-696-3120,yejigim@example.net
김미정,66291,인천광역시 성북구 영동대거리 681-75 (광수이이동),현우박타워 S동 905호,042-159-3693,gimjeongsu@example.com
남성현,23939,인천광역시 용산구 서초대거리 803-23 (민수김박동),춘자윤아파트 893호,018-939-4619,dbag@example.org
송주원,42695,제주특별자치도 음성군 석촌호수110로 590 (은지김읍),진호이이타운 K동 079호,053-782-7790,ihayun@example.net
이명숙,74817,광주광역시 서초구 양재천93로 686,진우김송연립 953호,063-317-0897,ryujeonghyi@example.org
최현숙,45975,경상남도 부천시 오정구 강남대가 251 (정식김리),지훈구박마을,033-096-1074,yeongceolbag@example.org
김보람,27010,경기도 부여군 잠실가 872-73 (건우최읍),미경권김연립,044-797-8852,minjunbae@example.net
서영환,22575,서울특별시 서구 도산대695가 214 (옥자신마을),성호백타워 989호,019-628-6168,kbag@example.net
김영일,73641,전라북도 성남시 분당구 역삼454가 394-70,영숙박마을,062-916-4776,ibag@example.org
송지우,10516,인천광역시 남구 서초중앙거리 33 (미정이동),성수김오아파트 K동 049호,055-814-5304,jeonghungim@example.org
최상철,69302,부산광역시 영등포구 양재천0거리 지하7,서윤김김빌라 K동 633호,063-006-6464,mgim@example.net
차정식,57358,경상북도 안양시 동안구 반포대35가 지하317 (재호전면),영철박이연립 617호,041-906-4432,gimhyeonsug@example.com
윤하은,17351,광주광역시 금천구 양재천6가 393 (준영임읍),춘자이아파트 673호,063-170-2347,yeeun14@example.org
김민준,63002,경상남도 태안군 도산대로 192-71 (하은박최마을),지연강마을 809호,053-187-0420,jeongung12@example.net
박정훈,77621,부산광역시 북구 압구정3거리 410,민재신마을 938호,031-961-2420,jeongsugan@example.net
성영숙,21466,제주특별자치도 안양시 삼성로 784,영수안마을,017-238-6198,jungsujo@example.com
박시우,81149,울산광역시 강북구 반포대길 608 (명숙최김마을),도윤오빌라 Y동 796호,018-854-1543,bagseoyun@example.net
김예은,26556,경상남도 원주시 삼성2로 119 (현지서김리),지연김김타워 D동 123호,011-641-4687,gwangsu71@example.org
황수진,40993,경상북도 고양시 백제고분37가 732-73,은경김배연립,062-463-2388,seunghyeon00@example.com
이보람,30960,대전광역시 영등포구 역삼가 297,미정윤김연립 다동 672호,011-001-7073,jeongungbag@example.net
권명자,83249,세종특별자치시 도봉구 선릉가 지하428 (중수강마을),중수김연립,016-961-4229,janggeonu@example.net
윤지연,88210,대구광역시 동구 서초중앙길 675-32,지아김임아파트 267호,070-9298-5195,gangjia@example.org
신미숙,75614,경상남도 고양시 일산서구 압구정길 954-31 (수빈김동),성민최연립 마동 845호,041-392-3544,igyeongja@example.net
안현숙,25660,경상북도 성남시 수정구 영동대거리 505-80 (은주김이동),상호이박아파트 645호,016-431-1689,odohyeon@example.org
김도현,05673,대전광역시 중랑구 학동56가 706 (준서박동),상호권타운 535호,055-898-7797,iyeongsu@example.org
박도현,49886,충청북도 용인시 기흥구 봉은사80로 50,지우박타워 N동 496호,054-379-3182,juweon23@example.com
박수민,67883,인천광역시 강남구 개포07길 지하427 (현준백송면),현우이장타워 808호,070-1397-0467,ijeongsu@example.net
권경수,17428,전라북도 태안군 선릉817로 101 (병철김읍),미경권타운,053-828-2981,doyun17@example.com
윤경숙,68033,세종특별자치시 용산구 서초중앙0가 889-39 (은지김조마을),영길장곽마을,02-4497-0959,yeongilgim@example.org
우경자,86193,울산광역시 노원구 서초대가 935-61 (영길박동),승민황이타운 F동 458호,033-067-5130,mgim@example.org
박준서,36116,강원도 삼척시 강남대길 253 (옥순박면),서영양마을 374호,032-434-0921,yunseoo@example.net
박영호,25826,서울특별시 종로구 석촌호수길 41,영자김김연립 V동 514호,043-375-0645,pheo@example.org
장우진,04045,충청남도 양주시 반포대3길 714,미정박이연립 407호,042-566-2103,abag@example.net
이성훈,24142,충청북도 안산시 강남대가 570,정희이유연립 J동 589호,061-781-9935,misug46@example.org
오은지,12401,세종특별자치시 성북구 잠실로 325,영호최김빌라,010-8496-2858,hanyejin@example.org
김준혁,23312,세종특별자치시 북구 서초중앙길 529 (민수윤리),성훈성진마을 135호,070-4259-2655,bagyejun@example.net
최승현,32021,대구광역시 광진구 서초중앙로 555 (정자김동),영식김김아파트 121호,016-308-6047,jeongjahong@example.org
